Formula para {0} {2} ganando {1}	Formula for {0} {2} gaining {1}	Fórmula para {0} {2} ganhando {1}
¿Cómo adapto al concentrado?	How do I adapt them to concentrate?	Como adapto ao concentrado?
Adaptación al concentrado en {0} semanas	Adaptation to concentrate in {0} weeks	Adaptação ao concentrado em {0} semanas
Forraje	Forage	Volumoso
Concentrado	Concentrate	Concentrado
{0} en adelante	{0} onward	{0} em diante
Sube solo si el comedero queda limpio y no hay diarrea. Si hay problemas, vuelve al paso anterior unos días.	Only move up if the bunk is clean and there's no diarrhea. If there are problems, go back to the previous step for a few days.	Só avance se o cocho ficar limpo e não houver diarreia. Se houver problemas, volte ao passo anterior por alguns dias.
¿Qué es la acidosis?	What is acidosis?	O que é acidose?
Formula una dieta	Formulate a ration	Formule uma dieta
Plan sanitario sugerido al ingreso	Suggested arrival health plan	Plano sanitário sugerido na entrada
Cuándo	When	Quando
Qué	What	O quê
Día {0}	Day {0}	Dia {0}
Desparasitante interno y externo	Internal and external dewormer	Vermífugo interno e externo
Refuerzo de la vacuna clostridial	Clostridial vaccine booster	Reforço da vacina clostridial
Cada {0} a {1} días	Every {0} to {1} days	A cada {0} a {1} dias
Revisión de parásitos con tu veterinario	Parasite check with your vet	Revisão de parasitas com seu veterinário
Ajusta con tu veterinario según tu zona. Anota cada aplicación en Sanidad para llevar el control de retiros.	Adjust it with your vet for your area. Record each application in Health to keep track of withdrawals.	Ajuste com seu veterinário conforme sua região. Registre cada aplicação em Sanidade para controlar as carências.
Anotar sanidad	Record health	Registrar sanidade
¿Qué es el retiro?	What is the withdrawal period?	O que é a carência?
¿Cuánta ivermectina para el lote {0}?	How much ivermectin for lot {0}?	Quanta ivermectina para o lote {0}?
Dime el peso o el lote y te calculo los mililitros.	Tell me the weight or the lot and I'll calculate the milliliters.	Diga o peso ou o lote e eu calculo os mililitros.
Guía de dosis comunes. Confirma siempre con la etiqueta de tu producto y con tu veterinario.	Guide to common doses. Always confirm with your product label and your vet.	Guia de doses comuns. Confirme sempre com o rótulo do produto e com seu veterinário.
Anotar la aplicación	Record the application	Registrar a aplicação
Plan sanitario de ingreso	Arrival health plan	Plano sanitário de entrada
Normal	Normal	Normal
Sin riesgo. Mantén agua y sombra.	No risk. Keep water and shade.	Sem risco. Mantenha água e sombra.
Alerta	Alert	Alerta
Da agua fresca, sombra y sirve más en horas frescas.	Give fresh water and shade, and feed more in the cool hours.	Dê água fresca, sombra e sirva mais nas horas frescas.
Peligro	Danger	Perigo
No manejes animales, moja pisos o techos si puedes y vigila la respiración.	Don't handle animals, wet floors or roofs if you can and watch their breathing.	Não maneje os animais, molhe pisos ou telhados se puder e observe a respiração.
Emergencia	Emergency	Emergência
Riesgo de muertes. No los muevas, agua y sombra al máximo, y llama al veterinario si jadean con la boca abierta.	Risk of deaths. Don't move them, maximize water and shade, and call the vet if they pant with open mouths.	Risco de mortes. Não os movimente, água e sombra ao máximo, e chame o veterinário se ofegarem de boca aberta.
Consejos para el calor	Heat tips	Dicas para o calor
¿Cuánta agua necesitan?	How much water do they need?	Quanta água precisam?
Todavía no tienes lotes en engorde.	You don't have lots on feed yet.	Você ainda não tem lotes em engorda.
Meta	Target	Meta
Llega	Reaches	Atinge
¿Qué lote está listo?	Which lot is ready?	Qual lote está pronto?
Cuando tengas lotes en engorde te digo el precio mínimo de venta de cada uno.	When you have lots on feed I'll tell you the minimum sale price for each one.	Quando tiver lotes em engorda eu digo o preço mínimo de venda de cada um.
Precio mínimo por kilo para no perder, vendiendo en la meta:	Minimum price per kilo to break even, selling at target:	Preço mínimo por quilo para não perder, vendendo na meta:
Mínimo	Minimum	Mínimo
Hoy pagan	Paid today	Pagam hoje
Incluye compra, alimento hasta la meta, sanidad, gastos del lote y gastos generales, resta lo que ya vendiste del lote y descuenta	It includes purchase, feed to target, health, lot expenses and overhead, subtracts what you already sold from the lot and deducts	Inclui compra, ração até a meta, sanidade, despesas do lote e despesas gerais, subtrai o que você já vendeu do lote e desconta
{0} de desbaste.	{0} shrink.	{0} de quebra.
¿Cuánto voy a ganar?	How much will I make?	Quanto vou ganhar?
Formula una dieta más barata	Formulate a cheaper ration	Formule uma dieta mais barata
Dime el peso vivo y te calculo la canal.	Tell me the live weight and I'll calculate the carcass.	Diga o peso vivo e eu calculo a carcaça.
Canal estimada al {0} {1} del peso vivo:	Estimated carcass at {0} {1} of live weight:	Carcaça estimada em {0} {1} do peso vivo:
En la meta	At target	Na meta
Un novillo de engorde toma de {0} a {1} litros al día, más con calor.	A feedlot steer drinks {0} to {1} liters a day, more in the heat.	Um novilho em engorda bebe de {0} a {1} litros por dia, mais com calor.
Por animal	Per animal	Por animal
Se calcula con lo que comen en materia seca: de {0} litros por kilo con clima fresco a {1} litros con calor fuerte.	It is calculated from their dry matter intake: from {0} liters per kilo in cool weather to {1} liters in strong heat.	É calculado com o que comem em matéria seca: de {0} litros por quilo com clima fresco a {1} litros com calor forte.
Corral	Pen	Curral
Sombra	Shade	Sombra
Bebedero	Waterer	Bebedouro
Una unidad animal equivale a {0} {1} de peso vivo.	One animal unit equals {0} {1} of live weight.	Uma unidade animal equivale a {0} {1} de peso vivo.
Cuando tengas lotes te calculo cuánto alimento necesitas.	When you have lots I'll calculate how much feed you need.	Quando tiver lotes eu calculo quanta ração você precisa.
Ración sin detalle	Ration without details	Ração sem detalhe
Ingrediente	Ingredient	Ingrediente
Quintales	Hundredweights (100 lb)	Quintais
¿Cuánto alimento para la semana?	How much feed for the week?	Quanta ração para a semana?
Resumen del mes	Month summary	Resumo do mês
Alimento entregado	Feed delivered	Ração entregue
Aplicaciones de sanidad	Health applications	Aplicações de sanidade
Ventas	Sales	Vendas
¿Cuánto he gastado este mes?	How much have I spent this month?	Quanto gastei este mês?
Necesito al menos dos lotes con datos para comparar.	I need at least two lots with data to compare.	Preciso de pelo menos dois lotes com dados para comparar.
Ganancia	Gain	Ganho
Todavía no tienes raciones. ¿Formulamos una?	You don't have rations yet. Shall we formulate one?	Você ainda não tem rações. Vamos formular uma?
Formular dieta	Formulate ration	Formular dieta
Sin ingredientes anotados.	No ingredients recorded.	Sem ingredientes registrados.
Sí, cambiarlo	Yes, change it	Sim, alterar
Sí, cambiarla	Yes, change it	Sim, alterar
Todavía no hay ventas registradas.	No sales recorded yet.	Ainda não há vendas registradas.
¿Cuánto alimento para el mes?	How much feed for the month?	Quanta ração para o mês?
¿Cuál es mi mejor lote?	Which is my best lot?	Qual é meu melhor lote?
Resultado	Result	Resultado
dieta de menor costo	least-cost ration	dieta de menor custo
Para qué animales	For which animals	Para quais animais
Ingredientes que tienes	Ingredients you have	Ingredientes que você tem
precio por kilo	price per kilo	preço por quilo
Escribe un peso entre {0} y {1} {2}.	Enter a weight between {0} and {1} {2}.	Informe um peso entre {0} e {1} {2}.
Escribe una ganancia entre {0} y {1} {2} al día.	Enter a gain between {0} and {1} {2} per day.	Informe um ganho entre {0} e {1} {2} por dia.
Registra la sanidad de ingreso	Record the arrival health work	Registre a sanidade de entrada
Vacuna, desparasitante y vitaminas al llegar	Vaccine, dewormer and vitamins on arrival	Vacina, vermífugo e vitaminas na chegada
Asigna o formula su ración	Assign or formulate its ration	Atribua ou formule sua ração
Así la app calcula costos y consumo	That way the app calculates costs and intake	Assim o app calcula custos e consumo
Anota la entrega de alimento de hoy	Record today's feed delivery	Registre a entrega de ração de hoje
Con "Llenar con lo de siempre" es un toque	With "Fill with the usual" it's one tap	Com "Preencher com o de sempre" é um toque
Pesa el lote animal por animal	Weigh the lot animal by animal	Pese o lote animal por animal
Pesa el lote	Weigh the lot	Pese o lote
Ganan menos del {0} {1} que el promedio del lote	They gain less than {0} {1} of the lot average	Ganham menos de {0} {1} da média do lote
Ya puedes vender este lote	You can sell this lot now	Você já pode vender este lote
Llegó a su peso meta	It reached its target weight	Atingiu o peso meta
Siguiente paso	Next step	Próximo passo
Ver menos	See less	Ver menos
Ver todo	See all	Ver tudo
Ver lotes	See lots	Ver lotes
Arete	Ear tag	Brinco
Más pesado	Heaviest	Mais pesado
Mejor ganancia	Best gain	Melhor ganho
Peor ganancia	Worst gain	Pior ganho
Murió	Died	Morreu
por día	per day	por dia
peso estimado hoy	estimated weight today	peso estimado hoje
peso de entrada	arrival weight	peso de entrada
último peso	last weight	último peso
peso de venta	sale weight	peso de venda
Promedio del lote	Lot average	Média do lote
Entró al lote	Entered the lot	Entrou no lote
a todo el lote	to the whole lot	a todo o lote
Trazabilidad	Traceability	Rastreabilidade
Datos	Details	Dados
Color	Color	Cor
Costo de compra	Purchase cost	Custo de compra
Cruzado	Crossbred	Cruzado
Café	Brown	Marrom
Pinto blanco y negro	Black and white spotted	Malhado preto e branco
Precio del lote	Lot price	Preço do lote
Precio por animal	Price per animal	Preço por animal
Total del lote	Lot total	Total do lote
Precio	Price	Preço
Flete y comisión	Freight and commission	Frete e comissão
Fecha de entrada	Arrival date	Data de entrada
Peso meta	Target weight	Peso meta
Lote actualizado	Lot updated	Lote atualizado
Escribe el peso de entrada de al menos un animal.	Enter the arrival weight of at least one animal.	Informe o peso de entrada de pelo menos um animal.
Foto del animal	Animal photo	Foto do animal
Foto guardada	Photo saved	Foto salva
No se pudo guardar la foto. Revisa el espacio del teléfono.	The photo could not be saved. Check the phone's storage.	Não foi possível salvar a foto. Verifique o espaço do celular.
No encontré pesos en el texto.	I didn't find weights in the text.	Não encontrei pesos no texto.
Como este lote se anotó con promedio, los animales que agregues reemplazan ese promedio.	Since this lot was recorded with an average, the animals you add replace that average.	Como este lote foi registrado com média, os animais que você adicionar substituem essa média.
Escribe el precio de cada uno.	Enter the price of each one.	Informe o preço de cada um.
Agregar animales	Add animals	Adicionar animais
Guardar animales	Save animals	Salvar animais
Escribe al menos un peso.	Enter at least one weight.	Informe pelo menos um peso.
Raza	Breed	Raça
Precio de compra	Purchase price	Preço de compra
Escribe el arete.	Enter the ear tag.	Informe o brinco.
Ese arete ya existe en el lote.	That ear tag already exists in the lot.	Esse brinco já existe no lote.
Animal actualizado	Animal updated	Animal atualizado
No se pudo guardar la foto.	The photo could not be saved.	Não foi possível salvar a foto.
Foto quitada	Photo removed	Foto removida
Quitar animal	Remove animal	Remover animal
Se quita este animal del lote. Sus pesajes quedan en el historial del lote.	This animal is removed from the lot. Its weighings stay in the lot history.	Este animal será removido do lote. Suas pesagens ficam no histórico do lote.
Quitar	Remove	Remover
Animal quitado	Animal removed	Animal removido
¿Qué lote vas a pesar?	Which lot are you weighing?	Qual lote você vai pesar?
Animal por animal	Animal by animal	Animal por animal
{0} pesados	{0} weighed	{0} pesados
Escribe el peso de al menos un animal.	Enter the weight of at least one animal.	Informe o peso de pelo menos um animal.
pesos no cuadran	weights don't add up	pesos não batem
Pesar un animal	Weigh one animal	Pesar um animal
Guardar peso	Save weight	Salvar peso
Causa	Cause	Causa
Escribe el precio.	Enter the price.	Informe o preço.
¿A quiénes?	To which animals?	Em quais?
Todo el lote	The whole lot	Todo o lote
Algunos animales	Some animals	Alguns animais
Mira el resultado del lote	See the lot result	Veja o resultado do lote
Lote cerrado	Lot closed	Lote encerrado
La conversión	Feed conversion	A conversão
Son los kilos de alimento que necesita un animal para ganar un kilo de peso. Si dice	It's the kilos of feed an animal needs to gain one kilo of weight. If it says	São os quilos de ração que um animal precisa para ganhar um quilo de peso. Se diz
La ganancia diaria	Daily gain	O ganho diário
Son los kilos que sube cada animal por día. Se calcula entre un pesaje y el siguiente. En engorde en corral, de {0} a {1} {2} por día es un buen ritmo.	It's the kilos each animal gains per day. It is calculated between one weighing and the next. In a feedlot, {0} to {1} {2} per day is a good pace.	São os quilos que cada animal ganha por dia. É calculado entre uma pesagem e a seguinte. No confinamento, de {0} a {1} {2} por dia é um bom ritmo.
El costo por kilo ganado	Cost per kilo gained	O custo por quilo ganho
Es lo que te cuesta producir cada kilo de carne: alimento, sanidad y otros gastos del lote, divididos entre los kilos que ganó. Compáralo con tu precio de venta por kilo.	It's what it costs you to produce each kilo of beef: feed, health and other lot expenses, divided by the kilos it gained. Compare it with your sale price per kilo.	É o que custa produzir cada quilo de carne: ração, sanidade e outras despesas do lote, divididas pelos quilos ganhos. Compare com seu preço de venda por quilo.
El margen	The margin	A margem
Es lo que queda después de restar todos los costos, incluida la compra de los animales, a lo que recibes por la venta. La app lo estima para cada lote al llegar a su peso meta.	It's what's left after subtracting all costs, including the animal purchase, from what you receive from the sale. The app estimates it for each lot at its target weight.	É o que sobra depois de subtrair todos os custos, incluindo a compra dos animais, do que você recebe pela venda. O app estima para cada lote ao atingir o peso meta.
El retiro	The withdrawal period	A carência
Son los días que deben pasar después de aplicar un medicamento para poder vender el animal a matadero. Cuando registras sanidad con días de retiro, la app te avisa y no te deja olvidarlo al vender.	It's the days that must pass after giving a medicine before the animal can be sold for slaughter. When you record health work with withdrawal days, the app warns you and won't let you forget it when selling.	São os dias que precisam passar depois de aplicar um medicamento para poder vender o animal para o abate. Quando você registra sanidade com dias de carência, o app avisa e não deixa você esquecer na venda.
La lectura de comedero	Bunk reading	A leitura de cocho
Es cómo encuentras el comedero antes de servir.	It's how you find the bunk before feeding.	É como você encontra o cocho antes do trato.
varias veces seguidas: sube la ración.	several times in a row: raise the ration.	várias vezes seguidas: aumente a ração.
: bájala.	: lower it.	: diminua.
es lo ideal.	is ideal.	é o ideal.
El peso meta	Target weight	O peso meta
Es el peso al que piensas vender. La barra amarilla de cada lote muestra cuánto le falta, y la app calcula en qué fecha llegará.	It's the weight at which you plan to sell. Each lot's yellow bar shows how far it has to go, and the app calculates the date it will get there.	É o peso em que você pensa vender. A barra amarela de cada lote mostra quanto falta, e o app calcula em que data vai chegar.
La ración	The ration	A ração
Es la mezcla de alimento que das: por ejemplo maíz, pulpa, heno y núcleo. En la app anotas su nombre y cuánto cuesta el kilo, así calcula tus costos.	It's the feed mix you give: for example corn, pulp, hay and premix. In the app you record its name and what a kilo costs, so it calculates your costs.	É a mistura de ração que você dá: por exemplo milho, polpa, feno e núcleo. No app você registra o nome e quanto custa o quilo, assim ele calcula seus custos.
Un lote	A lot	Um lote
Es un grupo de animales que entraron juntos y se manejan juntos hasta la venta. Todo en la app se anota por lote.	It's a group of animals that arrived together and are managed together until they're sold. Everything in the app is recorded by lot.	É um grupo de animais que entraram juntos e são manejados juntos até a venda. Tudo no app é registrado por lote.
La mortalidad	Death loss	A mortalidade
Es el porcentaje de animales que murieron en el lote. Por debajo de {0} a {1} {2} es lo esperado en un engorde bien manejado.	It's the percentage of animals that died in the lot. Below {0} to {1} {2} is expected in a well-run feedlot.	É a porcentagem de animais que morreram no lote. Abaixo de {0} a {1} {2} é o esperado num confinamento bem manejado.
El consumo	Intake	O consumo
El respaldo	The backup	O backup
Es un archivo con todos tus datos. Si el teléfono se pierde o se daña, con ese archivo recuperas todo. Descárgalo cada semana desde Más.	It's a file with all your data. If the phone is lost or damaged, you recover everything with that file. Download it every week from More.	É um arquivo com todos os seus dados. Se o celular se perder ou quebrar, com esse arquivo você recupera tudo. Baixe toda semana em Mais.
Los días de engorde	Days on feed	Os dias de engorda
Son los días desde que el lote entró. Sirven para comparar lotes y planear la venta.	They're the days since the lot arrived. They help compare lots and plan the sale.	São os dias desde que o lote entrou. Servem para comparar lotes e planejar a venda.
Toca el botón amarillo	Tap the yellow button	Toque no botão amarelo
Toca	Tap	Toque em
Llenar con lo de siempre	Fill with the usual	Preencher com o de sempre
o escribe los kilos de cada lote.	or enter the kilos for each lot.	ou informe os quilos de cada lote.
Si quieres, marca cómo estaba el comedero.	If you want, mark how the bunk looked.	Se quiser, marque como estava o cocho.
Anotar alimento	Record feed	Registrar ração
Escribe el peso promedio. Si pesaste a todos juntos, cambia a	Enter the average weight. If you weighed them all together, switch to	Informe o peso médio. Se pesou todos juntos, mude para
Anotar pesaje	Record weighing	Registrar pesagem
Elige el lote y qué aplicaste.	Choose the lot and what you applied.	Escolha o lote e o que você aplicou.
Escribe el producto y los días de retiro que dice la etiqueta.	Enter the product and the withdrawal days on the label.	Informe o produto e os dias de carência do rótulo.
Elige el lote, cuántas cabezas y la causa.	Choose the lot, how many head and the cause.	Escolha o lote, quantas cabeças e a causa.
Anotar muerte	Record death	Registrar morte
Elige el lote y cuántas cabezas vendiste.	Choose the lot and how many head you sold.	Escolha o lote e quantas cabeças você vendeu.
Escribe los kilos de báscula y el precio por kilo.	Enter the scale kilos and the price per kilo.	Informe os quilos da balança e o preço por quilo.
Anotar venta	Record sale	Registrar venda
Escribe el monto y elige el concepto.	Enter the amount and choose the item.	Informe o valor e escolha o item.
Elige el lote, o	Choose the lot, or	Escolha o lote, ou
si es de toda la finca.	if it's for the whole ranch.	se for de toda a fazenda.
Anotar gasto	Record expense	Registrar despesa
Escribe cuántas cabezas entraron y la fecha.	Enter how many head arrived and the date.	Informe quantas cabeças entraram e a data.
Escribe el peso de entrada y el precio de compra por kilo.	Enter the arrival weight and the purchase price per kilo.	Informe o peso de entrada e o preço de compra por quilo.
Escribe el nombre y cuánto cuesta el kilo de la mezcla.	Enter the name and what a kilo of the mix costs.	Informe o nome e quanto custa o quilo da mistura.
Agrega los ingredientes con su porcentaje. Es opcional.	Add the ingredients with their percentage. It's optional.	Adicione os ingredientes com a porcentagem. É opcional.
Crear ración	Create ration	Criar ração
Arriba eliges un lote o todos, y el período.	At the top you choose one lot or all, and the period.	Em cima você escolhe um lote ou todos, e o período.
Baja para ver peso, ganancia, consumo, conversión, costos, margen y más.	Scroll down to see weight, gain, intake, conversion, costs, margin and more.	Role para ver peso, ganho, consumo, conversão, custos, margem e mais.
abajo a la derecha.	at the bottom right.	embaixo à direita.
Entra a	Go to	Entre em
Descargar respaldo	Download backup	Baixar backup
Guarda el archivo en Drive o mándatelo por WhatsApp.	Save the file in Drive or send it to yourself on WhatsApp.	Guarde o arquivo no Drive ou envie para você pelo WhatsApp.
En	In	Em
Ajustes	Settings	Configurações
y cambia el precio de venta, el peso meta, los horarios de entrega, la unidad de peso y más.	and change the sale price, target weight, feeding times, weight unit and more.	e mude o preço de venda, o peso meta, os horários de trato, a unidade de peso e mais.
elige Claro, Oscuro o Automático, y la paleta de colores que más te guste.	choose Light, Dark or Automatic, and the color palette you like best.	escolha Claro, Escuro ou Automático, e a paleta de cores de que mais gostar.
