Párate derecho con el cuerpo completo a la vista: primero de frente, con los brazos relajados y las manos un poco separadas de las piernas; después de perfil completo (hombro hacia la cámara), con los brazos a los lados.	Stand up straight with your whole body in view: first facing the camera, arms relaxed and hands slightly away from your legs; then in full profile (shoulder toward the camera), arms at your sides.	Fique em pé, reto, com o corpo inteiro à vista: primeiro de frente, com os braços relaxados e as mãos um pouco afastadas das pernas; depois de perfil completo (ombro voltado para a câmera), com os braços ao lado do corpo.
Ropa ajustada y sin zapatos ni gorra, si puedes: la silueta mide mejor tu cuerpo.	Wear fitted clothes, no shoes or cap if you can: the silhouette measures your body better.	Use roupa justa, sem sapatos nem boné, se puder: a silhueta mede melhor o seu corpo.
De pie y derecho, con los brazos relajados y las manos un poco separadas de las piernas.	Stand up straight, arms relaxed and hands slightly away from your legs.	Em pé e reto, com os braços relaxados e as mãos um pouco afastadas das pernas.
De perfil completo, con los brazos relajados a los lados.	In full profile, arms relaxed at your sides.	De perfil completo, com os braços relaxados ao lado do corpo.
Gírate de costado, con los brazos a los lados	Turn sideways, arms at your sides	Vire de lado, com os braços ao lado do corpo
Ponte de frente, con las manos un poco separadas de las piernas	Face the camera, hands slightly away from your legs	Fique de frente, com as mãos um pouco afastadas das pernas
Una medida salió fuera de lo que tiene una persona y se ajustó: revisa que las dos tomas sean de frente y de perfil completo, con el cuerpo entero a la vista y sin nada pegado.	One measurement came out beyond what a human body has and was adjusted: check that both shots are facing the camera and in full profile, with your whole body in view and nothing touching it.	Uma medida saiu fora do que um corpo humano tem e foi ajustada: confira se as duas fotos são de frente e de perfil completo, com o corpo inteiro à vista e nada encostado.
No se vieron bien los puntos del cuerpo en una foto: el peso puede ser menos exacto. Repite con buena luz y el cuerpo completo a la vista.	The body points were not clearly visible in one photo: the weight may be less accurate. Try again with good light and your whole body in view.	Os pontos do corpo não ficaram visíveis em uma foto: o peso pode ser menos exato. Repita com boa luz e o corpo inteiro à vista.
cintura	waist	cintura
muslo	thigh	coxa
S: estatura. A: hombros. B y C: ancho y fondo del pecho. D y E: ancho y fondo de la cintura. F: ancho de la cadera. G: fondo de los glúteos. M: contorno del muslo. Todo en milímetros.	S: height. A: shoulders. B and C: chest width and depth. D and E: waist width and depth. F: hip width. G: buttock depth. M: thigh circumference. All in millimeters.	S: altura. A: ombros. B e C: largura e profundidade do peito. D e E: largura e profundidade da cintura. F: largura do quadril. G: profundidade dos glúteos. M: circunferência da coxa. Tudo em milímetros.
Puntos del cuerpo	Body points	Pontos do corpo
Un modelo de pose ubica {0} puntos (cuerpo, pies, manos y dedos). Con ellos se quita de la silueta lo que no es tu cuerpo (suelo, cama, muebles) y, al medir el tronco, los brazos y las manos.	A pose model places {0} points (body, feet, hands and fingers). With them, whatever is not your body (floor, bed, furniture) is removed from the silhouette, and so are your arms and hands when measuring the torso.	Um modelo de pose localiza {0} pontos (corpo, pés, mãos e dedos). Com eles, o que não é seu corpo (chão, cama, móveis) sai da silhueta, e os braços e as mãos saem ao medir o tronco.
Medidas	Measurements	Medidas
A la altura de cada una según ANSUR II, sin {0} {9} de ropa por lado: hombros {1} {10} · pecho {2} {11} de ancho y {3} {12} de fondo · cintura {4} {13} y {5} {14} · cadera {6} {15} · glúteos {7} {16} de fondo · contorno del muslo {8} {17}.	Each at its height according to ANSUR II, minus {0} {9} of clothing per side: shoulders {1} {10} · chest {2} {11} wide and {3} {12} deep · waist {4} {13} and {5} {14} · hips {6} {15} · buttocks {7} {16} deep · thigh circumference {8} {17}.	Cada uma na sua altura segundo o ANSUR II, sem {0} {9} de roupa por lado: ombros {1} {10} · peito {2} {11} de largura e {3} {12} de profundidade · cintura {4} {13} e {5} {14} · quadril {6} {15} · glúteos {7} {16} de profundidade · circunferência da coxa {8} {17}.
Ajustado con {0} personas pesadas en báscula y medidas a mano (ANSUR II). Con tus medidas da {1} {3}. Error medio de validación: ±{2} {4} con medidas de foto.	Fitted with {0} people weighed on a scale and measured by hand (ANSUR II). With your measurements it gives {1} {3}. Mean validation error: ±{2} {4} with photo measurements.	Ajustado com {0} pessoas pesadas na balança e medidas à mão (ANSUR II). Com suas medidas dá {1} {3}. Erro médio de validação: ±{2} {4} com medidas de foto.
k × P^b = {0} × {1}^{2} = {3} {6}. De fábrica k = {4} y b = {5}; con tu báscula se ajustan a ti.	k × P^b = {0} × {1}^{2} = {3} {6}. Factory k = {4} and b = {5}; your scale fits them to you.	k × P^b = {0} × {1}^{2} = {3} {6}. De fábrica k = {4} e b = {5}; com sua balança eles se ajustam a você.
k × P^b = {0} × {1}^{2} = {3} {5}. k y b ajustados con {4} medición de tu báscula: corrigen lo propio de tu cuerpo y tu cámara.	k × P^b = {0} × {1}^{2} = {3} {5}. k and b fitted with {4} measurement from your scale: they correct what is specific to your body and your camera.	k × P^b = {0} × {1}^{2} = {3} {5}. k e b ajustados com {4} medição da sua balança: corrigem o que é próprio do seu corpo e da sua câmera.
k × P^b = {0} × {1}^{2} = {3} {5}. k y b ajustados con {4} mediciones de tu báscula: corrigen lo propio de tu cuerpo y tu cámara.	k × P^b = {0} × {1}^{2} = {3} {5}. k and b fitted with {4} measurements from your scale: they correct what is specific to your body and your camera.	k × P^b = {0} × {1}^{2} = {3} {5}. k e b ajustados com {4} medições da sua balança: corrigem o que é próprio do seu corpo e da sua câmera.
Como comprobación, la silueta en rebanadas da {0} L ({1} {2}/L).	As a check, the silhouette in slices gives {0} L ({1} {2}/L).	Como verificação, a silhueta em fatias dá {0} L ({1} {2}/L).
k = {0} · b = {1}. Cada medición con peso de báscula está en el laboratorio, abajo.	k = {0} · b = {1}. Each measurement with a scale weight is in the lab, below.	k = {0} · b = {1}. Cada medição com peso da balança está no laboratório, abaixo.
Peso del modelo (sin calibrar)	Model weight (uncalibrated)	Peso do modelo (sem calibrar)
Pecho (ancho × fondo)	Chest (width × depth)	Peito (largura × profundidade)
Cintura (ancho × fondo)	Waist (width × depth)	Cintura (largura × profundidade)
Cadera · glúteos	Hips · buttocks	Quadril · glúteos
Contorno del muslo	Thigh circumference	Circunferência da coxa
Silueta limpiada	Silhouette cleaned	Silhueta limpa
Medidas ajustadas al límite	Measurements capped at the limit	Medidas ajustadas ao limite
Modelo de pose	Pose model	Modelo de pose
ninguna	none	nenhuma
