hectáreas	hectares	hectares
acres	acres	acres
Acres	Acres	Acres
Conversión de precio	Price conversion	Conversão de preço
Arrobas y kilos	Arrobas and kilos	Arrobas e quilos
Una arroba = {0} kilos de canal. La arroba viva es el peso vivo entre {1}.	One arroba = {0} kilos of carcass. A live arroba is live weight divided by {1}.	Uma arroba = {0} quilos de carcaça. A arroba viva é o peso vivo dividido por {1}.
Quintales cortos (cwt) y libras	Hundredweights (cwt) and pounds	Quintais curtos (cwt) e libras
Quintales cortos	Hundredweights	Quintais curtos
Un cwt = {0} libras.	One cwt = {0} pounds.	Um cwt = {0} libras.
Precio por arroba y por kilo	Price per arroba and per kilo	Preço por arroba e por quilo
Precio por arroba	Price per arroba	Preço por arroba
Precio por kilo de canal	Price per kilo of carcass	Preço por quilo de carcaça
Por kilo de canal	Per kilo of carcass	Por quilo de carcaça
Por kilo vivo con {0} % de rendimiento	Per live kilo at {0} % dressing	Por quilo vivo com {0} % de rendimento
Por arroba	Per arroba	Por arroba
Precio por cwt y por libra	Price per cwt and per pound	Preço por cwt e por libra
Precio por cwt	Price per cwt	Preço por cwt
Por cwt	Per cwt	Por cwt
Alqueires y hectáreas	Alqueires and hectares	Alqueires e hectares
Alqueires paulistas	Alqueires paulistas	Alqueires paulistas
Alqueires mineiros	Alqueires mineiros	Alqueires mineiros
Un alqueire paulista = {0} ha; un alqueire mineiro o goiano = {1} ha. Llena uno.	One alqueire paulista = {0} ha; one alqueire mineiro or goiano = {1} ha. Fill in one.	Um alqueire paulista = {0} ha; um alqueire mineiro ou goiano = {1} ha. Preencha um.
Acres y hectáreas	Acres and hectares	Acres e hectares
Un acre = {0} ha; una sección = {1} acres. Llena uno de los dos.	One acre = {0} ha; one section = {1} acres. Fill in one of the two.	Um acre = {0} ha; uma seção = {1} acres. Preencha um dos dois.
Bien · {0} {1} de probabilidad de ganar	Good · {0} {1} probability of profit	Bom · {0} {1} de probabilidade de lucro
Regular · {0} {1} de probabilidad de ganar	Fair · {0} {1} probability of profit	Regular · {0} {1} de probabilidade de lucro
Atención · {0} {1} de probabilidad de ganar	Warning · {0} {1} probability of profit	Atenção · {0} {1} de probabilidade de lucro
Invierno	Winter	Inverno
Primavera	Spring	Primavera
Verano	Summer	Verão
Otoño	Fall	Outono
invierno	winter	inverno
primavera	spring	primavera
verano	summer	verão
otoño	fall	outono
Por arroba de {0} {1} en pie	Per arroba of {0} {1} live weight	Por arroba de {0} {1} de peso vivo
costo por arroba ganada	cost per arroba gained	custo por arroba ganha
Costo por arroba ganada	Cost per arroba gained	Custo por arroba ganha
Buena madrugada, soy	Good early morning, I'm	Boa madrugada, eu sou o
Buenas tardes, soy	Good afternoon, I'm	Boa tarde, eu sou o
Buenas noches, soy	Good evening, I'm	Boa noite, eu sou o
Buena madrugada,	Good early morning,	Boa madrugada,
Buenos días,	Good morning,	Bom dia,
Buenas tardes,	Good afternoon,	Boa tarde,
Buenas noches,	Good evening,	Boa noite,
