costo por {1} ({0} {2}) ganado	cost per {1} ({0} {2}) gained	custo por {1} ({0} {2}) ganho
Costo por {1} ({0} {2}) ganado	Cost per {1} ({0} {2}) gained	Custo por {1} ({0} {2}) ganho
Costo del {1} ({0} {2}) ganado	Cost per {1} ({0} {2}) gained	Custo do {1} ({0} {2}) ganho
, y luego en costo del {1} ({0} {2}) ganado.	, and then in cost per {1} ({0} {2}) gained.	, e depois no custo do {1} ({0} {2}) ganho.
: L {0}/{3}, menos que tu precio de venta (L {1}/{4}); cada libra ganada deja L {2}/{5}.	: L {0}/{3}, less than your sale price (L {1}/{4}); each pound gained makes L {2}/{5}.	: L {0}/{3}, menos que seu preço de venda (L {1}/{4}); cada libra ganha deixa L {2}/{5}.
Todos los lotes en engorde juntos: L {0} con el precio de L {1}/{2}.	All lots on feed together: L {0} at a price of L {1}/{2}.	Todos os lotes em engorda juntos: L {0} com o preço de L {1}/{2}.
Precio L {0}/{2}, meta {1} {3}, libras	Price L {0}/{2}, target {1} {3}, pounds	Preço L {0}/{2}, meta {1} {3}, libras
L {0} por {2} ({1} {3})	L {0} per {2} ({1} {3})	L {0} por {2} ({1} {3})
L {4} la tonelada corta ({5} {6}), {0}, {1}, {2}, {3}	L {4} per short ton ({5} {6}), {0}, {1}, {2}, {3}	L {4} a tonelada curta ({5} {6}), {0}, {1}, {2}, {3}
L {5} la tonelada corta ({6} {7}), {0}, {1}, {2}, {3}, {4}	L {5} per short ton ({6} {7}), {0}, {1}, {2}, {3}, {4}	L {5} a tonelada curta ({6} {7}), {0}, {1}, {2}, {3}, {4}
Supongo tu precio de hoy (L {0} el {2} ({1} {3})) y que la ganancia diaria baja poco a poco al acercarse al peso final. Si el precio sube o baja, cambia el mejor día: pruébalo en el simulador.	I assume today's price (L {0} per {2} ({1} {3})) and that daily gain slowly drops as they near final weight. If the price goes up or down, the best day changes: try it in the simulator.	Suponho seu preço de hoje (L {0} o {2} ({1} {3})) e que o ganho diário cai aos poucos perto do peso final. Se o preço subir ou baixar, muda o melhor dia: teste no simulador.
es lo que debe pesar cada animal para no perder con tu precio de hoy (L {0}/{1}). La	is what each animal must weigh to avoid a loss at today's price (L {0}/{1}). The	é o que cada animal deve pesar para não perder com seu preço de hoje (L {0}/{1}). A
Compáralo con tu precio de venta (L {0}/{1}): si la libra ganada cuesta más que lo que te pagan por libra, ese lote gana solo por la diferencia entre el precio de compra y el de venta.	Compare it with your sale price (L {0}/{1}): if the pound gained costs more than you're paid per pound, that lot only earns from the difference between purchase and sale price.	Compare com seu preço de venda (L {0}/{1}): se a libra ganha custa mais do que pagam por libra, esse lote só ganha pela diferença entre o preço de compra e o de venda.
Es el precio máximo por libra en pie que puedes pagar con tu ganancia diaria ({0} {4}), tu ración, tus gastos y tu precio de venta de hoy (L {1}/{5}), vendiendo a {2} {6}. En tus lotes actuales pagaste en promedio L {3}/{7}. Los animales más livianos aguantan un precio más alto por libra porque ganan más libras en tu finca.	It's the maximum price per live pound you can pay with your daily gain ({0} {4}), your ration, your expenses and today's sale price (L {1}/{5}), selling at {2} {6}. For your current lots you paid an average of L {3}/{7}. Lighter animals can bear a higher price per pound because they gain more pounds on your farm.	É o preço máximo por libra em pé que você pode pagar com seu ganho diário ({0} {4}), sua ração, seus gastos e seu preço de venda de hoje (L {1}/{5}), vendendo a {2} {6}. Nos seus lotes atuais você pagou em média L {3}/{7}. Os animais mais leves aguentam um preço mais alto por libra porque ganham mais libras na sua fazenda.
L/ton	L/ton	L/ton
L {0}/ton	L {0}/ton	L {0}/ton
{0} {2} a L {1}/{3}, con flete	{0} {2} at L {1}/{3}, with freight	{0} {2} a L {1}/{3}, com frete
Cada libra que gana cuesta L {0}/{2} y lo vendes a L {1}/{3}.	Each pound it gains costs L {0}/{2} and you sell at L {1}/{3}.	Cada libra que ganha custa L {0}/{2} e você vende a L {1}/{3}.
L {0} la tonelada corta ({1} {2})	L {0} per short ton ({1} {2})	L {0} a tonelada curta ({1} {2})
Anota cuánto pesaron tus animales. Con dos pesajes calculo cuánto ganan por día, cuándo llegan a la meta y cuánto te cuesta cada {1} ({0} {2}) ganado.	Record how much your animals weighed. With two weighings I calculate how much they gain per day, when they reach the target and what each {1} ({0} {2}) gained costs you.	Anote quanto pesaram seus animais. Com duas pesagens calculo quanto ganham por dia, quando chegam à meta e quanto custa cada {1} ({0} {2}) ganho.
Precio por {1} ({0} {2})	Price per {1} ({0} {2})	Preço por {1} ({0} {2})
Costo de la mezcla por tonelada corta ({0} {1})	Cost of the mix per short ton ({0} {1})	Custo da mistura por tonelada curta ({0} {1})
con su arete, peso de entrada, raza, color y foto. Su costo se calcula con el precio del lote (L {0} el {2} ({1} {3})).	with their ear tag, arrival weight, breed, color and photo. Their cost is calculated from the lot price (L {0} per {2} ({1} {3})).	com brinco, peso de entrada, raça, cor e foto. O custo é calculado com o preço do lote (L {0} o {2} ({1} {3})).
L {0} el {2} ({1} {3})	L {0} per {2} ({1} {3})	L {0} o {2} ({1} {3})
en alimento, sanidad y gastos, y lo vendes a L {0}/{1}.	in feed, health and expenses, and you sell at L {0}/{1}.	em ração, sanidade e despesas, e você vende a L {0}/{1}.
, L {0} por cabeza, si sale a {1} {4} y L {2} el {5} ({3} {6}).	, L {0} per head, if it leaves at {1} {4} and L {2} per {5} ({3} {6}).	, L {0} por cabeça, se sair com {1} {4} e L {2} o {5} ({3} {6}).
, y lo vendes a L {0}/{1}.	, and you sell at L {0}/{1}.	, e você vende a L {0}/{1}.
Lo que más pesa: comprar bien (precio y peso), una ración barata que cumpla lo necesario, buena conversión, poca mortalidad y vender en el peso correcto. Mira tu costo por {1} ({0} {2}) ganado: debe quedar por debajo del precio de venta por libra. Pídeme formular una dieta más barata.	What matters most: buying well (price and weight), a cheap ration that meets needs, good conversion, low death loss and selling at the right weight. Look at your cost per {1} ({0} {2}) gained: it must stay below the sale price. Ask me to formulate a cheaper ration.	O que mais pesa: comprar bem (preço e peso), uma ração barata que atenda ao necessário, boa conversão, pouca mortalidade e vender no peso certo. Veja seu custo por {1} ({0} {2}) ganho: deve ficar abaixo do preço de venda. Peça-me para formular uma dieta mais barata.
: L {0}/@, menos que tu precio de venta (L {1}/@); cada kilo ganado deja L {2}/@.	: L {0}/@, less than your sale price (L {1}/@); each kilo gained makes L {2}/@.	: L {0}/@, menos que seu preço de venda (L {1}/@); cada quilo ganho deixa L {2}/@.
Todos los lotes en engorde juntos: L {0} con el precio de L {1}/@.	All lots on feed together: L {0} at a price of L {1}/@.	Todos os lotes em engorda juntos: L {0} com o preço de L {1}/@.
Precio L {0}/@, meta {1} {2}, kilos	Price L {0}/@, target {1} {2}, kilos	Preço L {0}/@, meta {1} {2}, quilos
L {0} por arroba ({1} {2})	L {0} per arroba ({1} {2})	L {0} por arroba ({1} {2})
L {4} la tonelada, {0}, {1}, {2}, {3}	L {4} per ton, {0}, {1}, {2}, {3}	L {4} a tonelada, {0}, {1}, {2}, {3}
L {5} la tonelada, {0}, {1}, {2}, {3}, {4}	L {5} per ton, {0}, {1}, {2}, {3}, {4}	L {5} a tonelada, {0}, {1}, {2}, {3}, {4}
Supongo tu precio de hoy (L {0} la arroba ({1} {2})) y que la ganancia diaria baja poco a poco al acercarse al peso final. Si el precio sube o baja, cambia el mejor día: pruébalo en el simulador.	I assume today's price (L {0} per arroba ({1} {2})) and that daily gain slowly drops as they near final weight. If the price goes up or down, the best day changes: try it in the simulator.	Suponho seu preço de hoje (L {0} a arroba ({1} {2})) e que o ganho diário cai aos poucos perto do peso final. Se o preço subir ou baixar, muda o melhor dia: teste no simulador.
es lo que debe pesar cada animal para no perder con tu precio de hoy (L {0}/@). La	is what each animal must weigh to avoid a loss at today's price (L {0}/@). The	é o que cada animal deve pesar para não perder com seu preço de hoje (L {0}/@). A
Compáralo con tu precio de venta (L {0}/@): si el kilo ganado cuesta más que lo que te pagan por kilo, ese lote gana solo por la diferencia entre el precio de compra y el de venta.	Compare it with your sale price (L {0}/@): if the kilo gained costs more than you're paid per kilo, that lot only earns from the difference between purchase and sale price.	Compare com seu preço de venda (L {0}/@): se o quilo ganho custa mais do que pagam por quilo, esse lote só ganha pela diferença entre o preço de compra e o de venda.
Costo de la arroba ganada	Cost per arroba gained	Custo da arroba ganha
, y luego en costo de la arroba ganada.	, and then in cost per arroba gained.	, e depois no custo da arroba ganha.
Es el precio máximo por kilo en pie que puedes pagar con tu ganancia diaria ({0} {4}), tu ración, tus gastos y tu precio de venta de hoy (L {1}/@), vendiendo a {2} {5}. En tus lotes actuales pagaste en promedio L {3}/@. Los animales más livianos aguantan un precio más alto por kilo porque ganan más kilos en tu finca.	It's the maximum price per live kilo you can pay with your daily gain ({0} {4}), your ration, your expenses and today's sale price (L {1}/@), selling at {2} {5}. For your current lots you paid an average of L {3}/@. Lighter animals can bear a higher price per kilo because they gain more kilos on your farm.	É o preço máximo por quilo em pé que você pode pagar com seu ganho diário ({0} {4}), sua ração, seus gastos e seu preço de venda de hoje (L {1}/@), vendendo a {2} {5}. Nos seus lotes atuais você pagou em média L {3}/@. Os animais mais leves aguentam um preço mais alto por quilo porque ganham mais quilos na sua fazenda.
{0} {2} a L {1}/@, con flete	{0} {2} at L {1}/@, with freight	{0} {2} a L {1}/@, com frete
Cada kilo que gana cuesta L {0}/@ y lo vendes a L {1}/@.	Each kilo it gains costs L {0}/@ and you sell at L {1}/@.	Cada quilo que ganha custa L {0}/@ e você vende a L {1}/@.
L {0} la tonelada	L {0} per ton	L {0} a tonelada
Anota cuánto pesaron tus animales. Con dos pesajes calculo cuánto ganan por día, cuándo llegan a la meta y cuánto te cuesta cada arroba ganada.	Record how much your animals weighed. With two weighings I calculate how much they gain per day, when they reach the target and what each arroba gained costs you.	Anote quanto pesaram seus animais. Com duas pesagens calculo quanto ganham por dia, quando chegam à meta e quanto custa cada arroba ganha.
Precio por arroba ({0} {1})	Price per arroba ({0} {1})	Preço por arroba ({0} {1})
Costo de la mezcla por tonelada	Cost of the mix per ton	Custo da mistura por tonelada
con su arete, peso de entrada, raza, color y foto. Su costo se calcula con el precio del lote (L {0} la arroba ({1} {2})).	with their ear tag, arrival weight, breed, color and photo. Their cost is calculated from the lot price (L {0} per arroba ({1} {2})).	com brinco, peso de entrada, raça, cor e foto. O custo é calculado com o preço do lote (L {0} a arroba ({1} {2})).
L {0} la arroba ({1} {2})	L {0} per arroba ({1} {2})	L {0} a arroba ({1} {2})
en alimento, sanidad y gastos, y lo vendes a L {0}/@.	in feed, health and expenses, and you sell at L {0}/@.	em ração, sanidade e despesas, e você vende a L {0}/@.
, L {0} por cabeza, si sale a {1} {4} y L {2} la arroba ({3} {5}).	, L {0} per head, if it leaves at {1} {4} and L {2} per arroba ({3} {5}).	, L {0} por cabeça, se sair com {1} {4} e L {2} a arroba ({3} {5}).
, y lo vendes a L {0}/@.	, and you sell at L {0}/@.	, e você vende a L {0}/@.
Lo que más pesa: comprar bien (precio y peso), una ración barata que cumpla lo necesario, buena conversión, poca mortalidad y vender en el peso correcto. Mira tu costo por arroba ganada: debe quedar por debajo del precio de venta por kilo. Pídeme formular una dieta más barata.	What matters most: buying well (price and weight), a cheap ration that meets needs, good conversion, low death loss and selling at the right weight. Look at your cost per arroba gained: it must stay below the sale price. Ask me to formulate a cheaper ration.	O que mais pesa: comprar bem (preço e peso), uma ração barata que atenda ao necessário, boa conversão, pouca mortalidade e vender no peso certo. Veja seu custo por arroba ganha: deve ficar abaixo do preço de venda. Peça-me para formular uma dieta mais barata.
: Convierte {0} a {1}: gasta mucho alimento por libra. Revisa desperdicio en comederos, tamaño de partícula y animales enfermos.	: Converts {0} to {1}: it uses a lot of feed per pound. Check bunk waste, particle size and sick animals.	: Converte {0} para {1}: gasta muita ração por libra. Confira desperdício nos cochos, tamanho de partícula e animais doentes.
: Convierte {0} a {1}: gasta mucho alimento por kilo. Revisa desperdicio en comederos, tamaño de partícula y animales enfermos.	: Converts {0} to {1}: it uses a lot of feed per kilo. Check bunk waste, particle size and sick animals.	: Converte {0} para {1}: gasta muita ração por quilo. Confira desperdício nos cochos, tamanho de partícula e animais doentes.
Te faltaría dinero cerca del {0}	You'd run short of money around {0}	Faltaria dinheiro por volta de {0}
Unos L {0} según tus gastos y ventas esperadas.	About L {0} based on your expected expenses and sales.	Uns L {0} segundo seus gastos e vendas esperadas.
de tus costos. Está en lo normal para un engorde en corral ({0} a {1} {2}).	of your costs. That's normal for a feedlot ({0} to {1} {2}).	dos seus custos. Está no normal para um confinamento ({0} a {1} {2}).
Ojo:	Watch out:	Atenção:
alrededor del	around	por volta de
te faltarían	you'd be short	faltariam
. Adelanta una venta, negocia el pago del alimento o consigue capital antes de esa fecha.	. Move a sale forward, negotiate feed payment terms or line up capital before that date.	. Antecipe uma venda, negocie o pagamento da ração ou consiga capital antes dessa data.
, y luego en conversión.	, and then on feed conversion.	, e depois na conversão.
, y luego en conversión y costo de la arroba ganada.	, and then on feed conversion and cost per arroba gained.	, e depois na conversão e no custo da arroba ganha.
El ganado en engorde vale hoy L {0} menos de lo que te ha costado. Esa pérdida todavía no es real: puede cambiar con el peso y el precio hasta que vendas.	Cattle on feed are worth L {0} less today than they have cost you. That loss isn't final yet: it can change with weight and price until you sell.	O gado em engorda vale hoje L {0} menos do que custou. Essa perda ainda não é real: pode mudar com o peso e o preço até você vender.
: {0} a {1}. Alto: revisa desperdicio en comederos, ración y salud.	: {0} to {1}. High: check bunk waste, ration and health.	: {0} para {1}. Alto: confira desperdício nos cochos, ração e saúde.
Comedero vacío en {0}	Empty bunk in {0}	Cocho vazio em {0}
Es la ganancia sobre lo invertido llevada a un año. Compárala con la tasa de tu banco ({0} {1} anual):	It's the return on what you invested, annualized. Compare it with your bank's rate ({0} {1} a year):	É o ganho sobre o investido levado a um ano. Compare com a taxa do seu banco ({0} {1} ao ano):
rinde menos que el banco; revisa sus costos o su precio.	returns less than the bank; review its costs or its price.	rende menos que o banco; revise os custos ou o preço.
Preparar la venta de {0}	Get {0} ready for sale	Preparar a venda de {0}
Llega a la meta cerca del {0}: busca comprador y revisa retiros · {1}	Reaches target around {0}: find a buyer and check withdrawals · {1}	Chega à meta por volta de {0}: procure comprador e confira carências · {1}
