Equipo de trabajo	Work team	Equipe de trabalho
Suma a tus vaqueros con su propia app	Add your ranch hands with their own app	Adicione seus vaqueiros com o app deles
{0} vaquero activo	{0} active ranch hand	{0} vaqueiro ativo
{0} vaqueros activos	{0} active ranch hands	{0} vaqueiros ativos
Tus vaqueros registran desde su teléfono y tú lo ves aquí, en tus lotes.	Your ranch hands record from their phones and you see it here, in your lots.	Seus vaqueiros registram pelo celular e você vê aqui, nos seus lotes.
App de prueba.	Test app.	App de teste.
Las licencias se crean sin cobrar. Para el vaquero usa	Licenses are created free of charge. For the ranch hand use	As licenças são criadas sem cobrança. Para o vaqueiro use
Rumentis Vaquero Prueba	Rumentis Vaquero Prueba	Rumentis Vaquero Prueba
Rumentis Vaquero	Rumentis Vaquero	Rumentis Vaquero
Suma a tus vaqueros	Add your ranch hands	Adicione seus vaqueiros
Cada uno usa	Each one uses	Cada um usa
en su teléfono: gratis en Google Play.	on their phone: free on Google Play.	no celular: grátis no Google Play.
Anotan entregas de alimento, pesajes, sanidad y muertes; tú lo ves al momento en tus lotes, con su nombre.	They record feedings, weighings, health and deaths; you see it right away in your lots, with their name.	Eles anotam tratos, pesagens, sanidade e mortes; você vê na hora nos seus lotes, com o nome deles.
Les asignas tareas y decides qué puede registrar cada uno.	You assign tasks and decide what each one can record.	Você atribui tarefas e decide o que cada um pode registrar.
Ellos no ven tus finanzas, precios ni a Rumi.	They don't see your finances, prices or Rumi.	Eles não veem suas finanças, preços nem o Rumi.
Cada licencia se paga una sola vez y es para una persona. Compras las que necesites.	Each license is paid once and is for one person. Buy as many as you need.	Cada licença é paga uma única vez e é para uma pessoa. Compre quantas precisar.
Comprar mi primera licencia	Buy my first license	Comprar minha primeira licença
Comprar otra licencia	Buy another license	Comprar outra licença
Comprar una licencia	Buy a license	Comprar uma licença
Compra de prueba	Test purchase	Compra de teste
Esta es la	This is the	Este é o
app de prueba	test app	app de teste
: la licencia se crea al instante y no se cobra nada. En la app de Google Play el pago lo hace Google Play.	: the license is created instantly and nothing is charged. In the Google Play app, Google Play handles the payment.	: a licença é criada na hora e nada é cobrado. No app do Google Play, o pagamento é feito pelo Google Play.
Crear licencia	Create license	Criar licença
Licencia creada	License created	Licença criada
vaquero	ranch hand	vaqueiro
vaqueros	ranch hands	vaqueiros
licencia libre	free license	licença livre
licencias libres	free licenses	licenças livres
registros hoy	records today	registros hoje
Vaqueros	Ranch hands	Vaqueiros
Todavía nadie activa su licencia. Compártela y aparecerá aquí.	Nobody has activated their license yet. Share it and they'll show up here.	Ninguém ativou a licença ainda. Compartilhe e a pessoa aparecerá aqui.
Licencias sin usar	Unused licenses	Licenças sem uso
Toca para ver el QR y enviarla	Tap to see the QR code and send it	Toque para ver o QR e enviar
Tareas del equipo	Team tasks	Tarefas da equipe
Asignar	Assign	Atribuir
Asigna tareas a un vaquero o a todos: les aparecen en su app.	Assign tasks to one ranch hand or to everyone: they show up in their app.	Atribua tarefas a um vaqueiro ou a todos: elas aparecem no app deles.
Compraste la licencia {0}	You bought license {0}	Você comprou a licença {0}
Aquí verás lo que registra tu equipo.	Here you'll see what your team records.	Aqui você verá o que sua equipe registra.
Ver más	See more	Ver mais
Sincronización	Sync	Sincronização
Automática por internet	Automatic over the internet	Automática pela internet
Por archivo (WhatsApp)	By file (WhatsApp)	Por arquivo (WhatsApp)
Todavía no se conecta	Not connected yet	Ainda não se conectou
No se pudo conectar: se reintenta sola	Couldn't connect: it will retry on its own	Não foi possível conectar: tenta de novo sozinha
Sin servidor: manda los datos a tu equipo como archivo.	No server: send the data to your team as a file.	Sem servidor: mande os dados para sua equipe como arquivo.
Última vez:	Last time:	Última vez:
Sincronizar ahora	Sync now	Sincronizar agora
Enviar al equipo	Send to the team	Enviar para a equipe
Recibir archivo	Receive file	Receber arquivo
Aceptar vaqueros nuevos solos	Accept new ranch hands automatically	Aceitar novos vaqueiros automaticamente
Si lo apagas, te pregunto antes de dejar entrar a alguien.	If you turn it off, I'll ask you before letting anyone in.	Se desligar, eu pergunto antes de deixar alguém entrar.
Aceptar solos	Accept automatically	Aceitar automaticamente
Servidor del equipo	Team server	Servidor da equipe
Dirección del servidor	Server address	Endereço do servidor
Déjalo vacío para usar el de Rumentis. Sin servidor, el equipo se pasa los datos por archivo.	Leave it empty to use Rumentis's server. Without a server, the team shares data by file.	Deixe vazio para usar o do Rumentis. Sem servidor, a equipe troca os dados por arquivo.
Escribe una dirección que empiece con https://	Type an address that starts with https://	Escreva um endereço que comece com https://
Licencia para tu vaquero	License for your ranch hand	Licença para seu vaqueiro
Código QR	QR code	Código QR
Licencia	License	Licença
Tu vaquero escanea este código con la cámara de su teléfono y descarga	Your ranch hand scans this code with their phone camera and downloads	Seu vaqueiro escaneia este código com a câmera do celular e baixa
, gratis en Google Play.	, free on Google Play.	, grátis no Google Play.
Al abrirla escribe su nombre y la licencia, o toca	When they open it, they type their name and the license, or tap	Ao abrir, escreve o nome e a licença, ou toca em
Escanear QR	Scan QR	Escanear QR
Listo: aparece en Equipo y te llega lo que registra.	Done: they show up in Team and you get what they record.	Pronto: aparece em Equipe e você recebe o que ele registra.
Cada licencia es para una sola persona. No la publiques.	Each license is for one person only. Don't post it publicly.	Cada licença é para uma só pessoa. Não a publique.
Copiar	Copy	Copiar
Copiado	Copied	Copiado
Enviar por WhatsApp	Send by WhatsApp	Enviar pelo WhatsApp
Hola, te doy una licencia de Rumentis Vaquero para trabajar con el equipo de {0}.	Hi, here's a Rumentis Vaquero license so you can work with the {0} team.	Olá, aqui está uma licença do Rumentis Vaquero para você trabalhar com a equipe de {0}.
Hola, te doy una licencia de Rumentis Vaquero para trabajar con el equipo de la finca.	Hi, here's a Rumentis Vaquero license so you can work with the ranch team.	Olá, aqui está uma licença do Rumentis Vaquero para você trabalhar com a equipe da fazenda.
{0}. Descarga la app (gratis):	{0}. Download the app (free):	{0}. Baixe o app (grátis):
{0}. Ábrela, escribe tu nombre y esta licencia:	{0}. Open it, type your name and this license:	{0}. Abra, escreva seu nome e esta licença:
O abre este enlace desde tu teléfono:	Or open this link on your phone:	Ou abra este link no seu celular:
Las licencias se compran en la app de Rumentis de Google Play.	Licenses are bought in the Rumentis app from Google Play.	As licenças são compradas no app Rumentis do Google Play.
No se pudo abrir Google Play.	Couldn't open Google Play.	Não foi possível abrir o Google Play.
Google Play no pudo completar la compra.	Google Play couldn't complete the purchase.	O Google Play não conseguiu concluir a compra.
Tu pago está pendiente. La licencia aparece cuando Google Play lo confirme.	Your payment is pending. The license will appear once Google Play confirms it.	Seu pagamento está pendente. A licença aparece quando o Google Play confirmar.
Esta compra no pasó la verificación de Google Play.	This purchase didn't pass Google Play verification.	Esta compra não passou na verificação do Google Play.
¡Licencia lista! Compártela con tu vaquero.	License ready! Share it with your ranch hand.	Licença pronta! Compartilhe com seu vaqueiro.
{0} entró al equipo	{0} joined the team	{0} entrou na equipe
{0} entró al equipo con la licencia {1}	{0} joined the team with license {1}	{0} entrou na equipe com a licença {1}
{0} quiere entrar al equipo	{0} wants to join the team	{0} quer entrar na equipe
{0} quiere entrar con la licencia {1}	{0} wants to join with license {1}	{0} quer entrar com a licença {1}
Quieren entrar	Want to join	Querem entrar
Quiere entrar al equipo	Wants to join the team	Quer entrar na equipe
Licencia {0}	License {0}	Licença {0}
Rechazar	Reject	Recusar
Aceptar	Accept	Aceitar
Solicitud rechazada	Request rejected	Solicitação recusada
{0}: {1} registros nuevos	{0}: {1} new records	{0}: {1} registros novos
{0}: {1} registro nuevo	{0}: {1} new record	{0}: {1} registro novo
Sin conectarse	Not connected yet	Sem conexão ainda
Activo	Active	Ativo
{0} registros hoy	{0} records today	{0} registros hoje
{0} registro hoy	{0} record today	{0} registro hoje
{0} entregó {2} {3} de alimento a {1}	{0} delivered {2} {3} of feed to {1}	{0} entregou {2} {3} de ração para {1}
{0} pesó {1}: {2} {3} de promedio	{0} weighed {1}: {2} {3} average	{0} pesou {1}: {2} {3} de média
{0} pesó animales de {1}	{0} weighed animals in {1}	{0} pesou animais de {1}
{0} aplicó {1} a {2}	{0} applied {1} to {2}	{0} aplicou {1} em {2}
{0} aplicó un producto a {1}	{0} applied a product to {1}	{0} aplicou um produto em {1}
{0} anotó {2} muertes en {1}	{0} recorded {2} deaths in {1}	{0} anotou {2} mortes em {1}
{0} anotó {2} muerte en {1}	{0} recorded {2} death in {1}	{0} anotou {2} morte em {1}
{0} anotó un registro en {1}	{0} added a record to {1}	{0} anotou um registro em {1}
{0} borró un registro de {1}	{0} deleted a record from {1}	{0} apagou um registro de {1}
{0} marcó hecha: {1}	{0} marked done: {1}	{0} marcou como feita: {1}
{0} marcó hecha: una tarea	{0} marked a task done	{0} marcou uma tarefa como feita
entregó {1} {2} de alimento a {0}	delivered {1} {2} of feed to {0}	entregou {1} {2} de ração para {0}
pesó {0}: {1} {2} de promedio	weighed {0}: {1} {2} average	pesou {0}: {1} {2} de média
pesó animales de {0}	weighed animals in {0}	pesou animais de {0}
aplicó {0} a {1}	applied {0} to {1}	aplicou {0} em {1}
anotó {1} muertes en {0}	recorded {1} deaths in {0}	anotou {1} mortes em {0}
anotó {1} muerte en {0}	recorded {1} death in {0}	anotou {1} morte em {0}
Asignar una tarea	Assign a task	Atribuir uma tarefa
Revisar bebederos del corral {0}…	Check the waterers in pen {0}…	Verificar os bebedouros do curral {0}…
¿Para quién?	For whom?	Para quem?
Todo el equipo	The whole team	Toda a equipe
todo el equipo	the whole team	toda a equipe
Tarea para {0}	Task for {0}	Tarefa para {0}
Tarea para todo el equipo	Task for the whole team	Tarefa para toda a equipe
Quitar tarea	Remove task	Remover tarefa
Diste de baja a {0}	You removed {0}	Você desligou {0}
{0} ya no está en el equipo	{0} is no longer on the team	{0} não está mais na equipe
¿Dar de baja a {0}?	Remove {0}?	Desligar {0}?
Su app deja de funcionar y su licencia {0} queda anulada: no se puede pasar a otra persona. Lo que ya registró se queda en tus datos.	Their app stops working and their license {0} is canceled: it can't be passed to someone else. What they already recorded stays in your data.	O app dele para de funcionar e a licença {0} fica anulada: não pode ser passada para outra pessoa. O que ele já registrou fica nos seus dados.
Dar de baja	Remove from team	Desligar da equipe
Vaquero	Ranch hand	Vaqueiro
En el equipo desde el {0}	On the team since {0}	Na equipe desde {0}
Dado de baja el {0}	Removed on {0}	Desligado em {0}
Última conexión:	Last connection:	Última conexão:
Qué puede registrar	What they can record	O que pode registrar
Entregar alimento	Deliver feed	Entregar ração
Tareas de la agenda	Planner tasks	Tarefas da agenda
Tareas asignadas	Assigned tasks	Tarefas atribuídas
Para todo el equipo · {0}	For the whole team · {0}	Para toda a equipe · {0}
Solo para {0} · {1}	Only for {0} · {1}	Só para {0} · {1}
Sin tareas pendientes.	No pending tasks.	Sem tarefas pendentes.
Asignarle una tarea	Assign them a task	Atribuir uma tarefa
Lo último que registró	Latest records	Últimos registros
Todavía no registra nada.	Nothing recorded yet.	Ainda não registrou nada.
Huella de su teléfono:	Phone fingerprint:	Impressão do celular:
Sincronizando…	Syncing…	Sincronizando…
No se pudo sincronizar. Revisa tu internet.	Couldn't sync. Check your internet.	Não foi possível sincronizar. Confira sua internet.
Listo: {0} mensajes nuevos	Done: {0} new messages	Pronto: {0} mensagens novas
Listo: {0} mensaje nuevo	Done: {0} new message	Pronto: {0} mensagem nova
Sin servidor: pásale los datos a tu equipo por archivo.	No server: send the data to your team by file.	Sem servidor: passe os dados para sua equipe por arquivo.
Todavía no hay nada que mandar: primero activa a un vaquero.	Nothing to send yet: first activate a ranch hand.	Ainda não há nada para mandar: primeiro ative um vaqueiro.
Datos para el equipo	Data for the team	Dados para a equipe
Ese archivo no es de Rumentis.	That file isn't from Rumentis.	Esse arquivo não é do Rumentis.
Listo: {0} mensajes leídos	Done: {0} messages read	Pronto: {0} mensagens lidas
Listo: {0} mensaje leído	Done: {0} message read	Pronto: {0} mensagem lida
Nada nuevo en ese archivo	Nothing new in that file	Nada de novo nesse arquivo
Escribe qué hay que hacer.	Write what needs to be done.	Escreva o que precisa ser feito.
Esa licencia no es de este equipo.	That license isn't from this team.	Essa licença não é desta equipe.
Esa licencia fue dada de baja.	That license was canceled.	Essa licença foi anulada.
Esa licencia ya la usa otra persona.	That license is already used by someone else.	Essa licença já é usada por outra pessoa.
Tu jefe no aceptó la solicitud.	Your boss didn't accept the request.	Seu patrão não aceitou a solicitação.
Bienvenido al equipo	Welcome to the team	Bem-vindo à equipe
Tu jefe te dio una licencia. Con ella anotas desde aquí la comida, los pesajes y la sanidad, y a él le llega todo.	Your boss gave you a license. With it you record feed, weighings and health from here, and everything reaches them.	Seu patrão lhe deu uma licença. Com ela você anota daqui a ração, as pesagens e a sanidade, e tudo chega para ele.
Tu nombre completo	Your full name	Seu nome completo
Nombre y apellido	First and last name	Nome e sobrenome
Como te conoce tu jefe.	As your boss knows you.	Como seu patrão conhece você.
RV-XXXX-XXXX-XXXX-XXXX-XXXX	RV-XXXX-XXXX-XXXX-XXXX-XXXX	RV-XXXX-XXXX-XXXX-XXXX-XXXX
Pegar	Paste	Colar
Activar	Activate	Ativar
App de prueba: con la licencia	Test app: with the license	App de teste: com a licença
entras a una finca de muestra sin jefe.	you enter a sample ranch without a boss.	você entra numa fazenda de exemplo sem patrão.
Tareas	Tasks	Tarefas
Escribe tu nombre y apellido, como te conoce tu jefe.	Type your first and last name, as your boss knows you.	Escreva seu nome e sobrenome, como seu patrão conhece você.
Revisa la licencia: son {0} letras y números, en grupos de {1} después de RV.	Check the license: it's {0} letters and numbers, in groups of {1} after RV.	Confira a licença: são {0} letras e números, em grupos de {1} depois de RV.
Buscando tu licencia…	Looking up your license…	Procurando sua licença…
No hay internet para buscar la licencia. Conéctate o pídele a tu jefe el enlace o el QR.	No internet to look up the license. Connect, or ask your boss for the link or the QR code.	Sem internet para procurar a licença. Conecte-se ou peça ao seu patrão o link ou o QR.
No encuentro esa licencia. Revísala con tu jefe.	I can't find that license. Check it with your boss.	Não encontro essa licença. Confira com seu patrão.
Para activar sin internet pega el enlace que te mandó tu jefe o escanea su QR.	To activate without internet, paste the link your boss sent you or scan their QR code.	Para ativar sem internet, cole o link que seu patrão mandou ou escaneie o QR dele.
Esa licencia no es válida.	That license isn't valid.	Essa licença não é válida.
Esa licencia es de la app de prueba. Pídele a tu jefe una licencia de la app de Google Play.	That license is from the test app. Ask your boss for a license from the Google Play app.	Essa licença é do app de teste. Peça ao seu patrão uma licença do app do Google Play.
Esa licencia no salió de una compra válida.	That license didn't come from a valid purchase.	Essa licença não veio de uma compra válida.
Tu jefe no aceptó la licencia.	Your boss didn't accept the license.	Seu patrão não aceitou a licença.
Ese QR no es una licencia de Rumentis.	That QR code isn't a Rumentis license.	Esse QR não é uma licença do Rumentis.
Licencia de {0} lista	License from {0} ready	Licença de {0} pronta
Licencia de tu jefe lista	License from your boss ready	Licença do seu patrão pronta
Mantén presionado el campo y elige Pegar.	Press and hold the field and choose Paste.	Mantenha o campo pressionado e escolha Colar.
Apunta al código QR que te dio tu jefe	Point at the QR code your boss gave you	Aponte para o código QR que seu patrão deu
No se pudo abrir la cámara. Pega el enlace o escribe la licencia.	Couldn't open the camera. Paste the link or type the license.	Não foi possível abrir a câmera. Cole o link ou escreva a licença.
Esperando a tu jefe	Waiting for your boss	Esperando seu patrão
Tu licencia {0} es de {1}.	Your license {0} is from {1}.	Sua licença {0} é de {1}.
Tu licencia es {0}.	Your license is {0}.	Sua licença é {0}.
En cuanto tu jefe abra Rumentis, entras al equipo.	As soon as your boss opens Rumentis, you'll join the team.	Assim que seu patrão abrir o Rumentis, você entra na equipe.
Revisar ahora	Check now	Verificar agora
Revisando…	Checking…	Verificando…
Tu jefe todavía no confirma.	Your boss hasn't confirmed yet.	Seu patrão ainda não confirmou.
Sin servidor: pide a tu jefe el archivo del equipo.	No server: ask your boss for the team file.	Sem servidor: peça ao seu patrão o arquivo da equipe.
Sin internet del equipo: manda tu alta a tu jefe por WhatsApp y abre el archivo que él te devuelva.	No team internet: send your sign-up to your boss by WhatsApp and open the file they send back.	Sem internet da equipe: mande seu cadastro ao seu patrão pelo WhatsApp e abra o arquivo que ele devolver.
Mandar mi alta al jefe	Send my sign-up to my boss	Mandar meu cadastro ao patrão
Abrir archivo del jefe	Open file from my boss	Abrir arquivo do patrão
Usar otra licencia	Use another license	Usar outra licença
No se pudo activar	Couldn't activate	Não foi possível ativar
Intentar con otra licencia	Try another license	Tentar outra licença
Ya no estás en el equipo	You're no longer on the team	Você não está mais na equipe
Tu jefe dio de baja tu licencia. Lo que registraste se queda con él.	Your boss canceled your license. What you recorded stays with them.	Seu patrão anulou sua licença. O que você registrou fica com ele.
Borrar los datos de este teléfono	Delete the data on this phone	Apagar os dados deste celular
Tengo otra licencia	I have another license	Tenho outra licença
¿Borrar los datos de este teléfono?	Delete the data on this phone?	Apagar os dados deste celular?
Se borran tu licencia y los datos de la finca. Lo que ya le llegó a tu jefe se queda con él.	Your license and the ranch data are deleted. What already reached your boss stays with them.	Sua licença e os dados da fazenda são apagados. O que já chegou ao seu patrão fica com ele.
¡Listo, {0}! Ya estás en el equipo de {1}.	All set, {0}! You're now on the {1} team.	Pronto, {0}! Agora você está na equipe de {1}.
¡Listo, {0}! Ya estás en el equipo de la finca.	All set, {0}! You're now on the ranch team.	Pronto, {0}! Agora você está na equipe da fazenda.
Hola, {0}	Hi, {0}	Olá, {0}
{0} tareas para hoy, {1} lotes con {2} cabezas.	{0} tasks for today, {1} lots with {2} head.	{0} tarefas para hoje, {1} lotes com {2} cabeças.
{0} tarea para hoy, {1} lotes con {2} cabezas.	{0} task for today, {1} lots with {2} head.	{0} tarefa para hoje, {1} lotes com {2} cabeças.
{0} tareas para hoy, {1} lote con {2} cabezas.	{0} tasks for today, {1} lot with {2} head.	{0} tarefas para hoje, {1} lote com {2} cabeças.
{0} tarea para hoy, {1} lote con {2} cabezas.	{0} task for today, {1} lot with {2} head.	{0} tarefa para hoje, {1} lote com {2} cabeças.
Todo al día por ahora, {0} lotes con {1} cabezas.	All caught up for now, {0} lots with {1} head.	Tudo em dia por enquanto, {0} lotes com {1} cabeças.
Todo al día por ahora, {0} lote con {1} cabezas.	All caught up for now, {0} lot with {1} head.	Tudo em dia por enquanto, {0} lote com {1} cabeças.
Todo al día por ahora.	All caught up for now.	Tudo em dia por enquanto.
{0} tareas para hoy.	{0} tasks for today.	{0} tarefas para hoje.
{0} tarea para hoy.	{0} task for today.	{0} tarefa para hoje.
Tareas de hoy	Today's tasks	Tarefas de hoje
Ver todas	See all	Ver todas
Nada pendiente. Si tu jefe te asigna algo, aparece aquí.	Nothing pending. If your boss assigns you something, it shows up here.	Nada pendente. Se seu patrão atribuir algo, aparece aqui.
Peso del lote o de cada animal	Lot weight or each animal's	Peso do lote ou de cada animal
Tu jefe todavía no te da permiso para registrar. Pídeselo.	Your boss hasn't given you permission to record yet. Ask them.	Seu patrão ainda não deu permissão para registrar. Peça a ele.
Lo que anotaste hoy	What you recorded today	O que você anotou hoje
Todavía nada hoy.	Nothing yet today.	Nada ainda hoje.
Toca lo que quieres anotar. Le llega a tu jefe con tu nombre.	Tap what you want to record. It reaches your boss with your name.	Toque no que quer anotar. Chega ao seu patrão com seu nome.
Todavía no anotas nada.	You haven't recorded anything yet.	Você ainda não anotou nada.
por enviar	not sent yet	a enviar
enviado	sent	enviado
Eso ya le llegó a tu jefe: pídele que lo corrija.	That already reached your boss: ask them to fix it.	Isso já chegou ao seu patrão: peça que ele corrija.
Todo enviado	All sent	Tudo enviado
Enviando al jefe	Sending to your boss	Enviando ao patrão
{0} registros por enviar	{0} records to send	{0} registros a enviar
{0} registro por enviar	{0} record to send	{0} registro a enviar
{0} registros por mandar	{0} records to send	{0} registros a mandar
{0} registro por mandar	{0} record to send	{0} registro a mandar
Modo de prueba	Test mode	Modo de teste
Modo de prueba.	Test mode.	Modo de teste.
Estás en una finca de muestra; lo que anotes se queda en este teléfono.	You're in a sample ranch; what you record stays on this phone.	Você está numa fazenda de exemplo; o que anotar fica neste celular.
Licencia de prueba: todo se queda en este teléfono.	Test license: everything stays on this phone.	Licença de teste: tudo fica neste celular.
Nada sale de este teléfono	Nothing leaves this phone	Nada sai deste celular
{1} {2} de alimento a {0}	{1} {2} of feed to {0}	{1} {2} de ração para {0}
Pesaje de {0}: {1} {2}	Weighing of {0}: {1} {2}	Pesagem de {0}: {1} {2}
Pesaje de animales de {0}	Weighing of animals in {0}	Pesagem de animais de {0}
{0} en {1}	{0} in {1}	{0} em {1}
{1} muertes en {0}	{1} deaths in {0}	{1} mortes em {0}
{1} muerte en {0}	{1} death in {0}	{1} morte em {0}
Te la pidió tu jefe	Your boss asked for it	Seu patrão pediu
Lo que toca hacer: lo que te pide tu jefe y lo del manejo de los lotes.	What needs doing: what your boss asks for and the lot management tasks.	O que precisa ser feito: o que seu patrão pede e o manejo dos lotes.
Nada pendiente para hoy.	Nothing pending for today.	Nada pendente para hoje.
Tu jefe todavía no tiene lotes en engorde.	Your boss doesn't have any lots on feed yet.	Seu patrão ainda não tem lotes em engorda.
Tu jefe todavía no tiene lotes.	Your boss doesn't have any lots yet.	Seu patrão ainda não tem lotes.
Último pesaje:	Last weighing:	Última pesagem:
{0} lotes con {1} cabezas.	{0} lots with {1} head.	{0} lotes com {1} cabeças.
{0} lote con {1} cabezas.	{0} lot with {1} head.	{0} lote com {1} cabeças.
{0} cabezas · día {1} de engorde	{0} head · day {1} on feed	{0} cabeças · dia {1} de engorda
peso promedio	average weight	peso médio
peso estimado	estimated weight	peso estimado
último pesaje	last weighing	última pesagem
Anotar en este lote	Record in this lot	Anotar neste lote
Últimos registros	Latest records	Últimos registros
Sin registros recientes.	No recent records.	Sem registros recentes.
Lote no encontrado	Lot not found	Lote não encontrado
Puede que ya se haya cerrado.	It may already be closed.	Talvez já tenha sido fechado.
Tu cuenta, el envío a tu jefe y ajustes.	Your account, sending to your boss and settings.	Sua conta, o envio ao patrão e ajustes.
Tu cuenta	Your account	Sua conta
En el equipo de {0} desde el {1}	On the {0} team since {1}	Na equipe de {0} desde {1}
En el equipo de {0}	On the {0} team	Na equipe de {0}
Envío a tu jefe	Sending to your boss	Envio ao patrão
Automático por internet	Automatic over the internet	Automático pela internet
Enviar ahora	Send now	Enviar agora
Mandar por archivo	Send by file	Mandar por arquivo
Mis registros para el jefe	My records for my boss	Meus registros para o patrão
No tienes nada por mandar.	You have nothing to send.	Você não tem nada para mandar.
Sin servidor: manda tus registros a tu jefe por archivo.	No server: send your records to your boss by file.	Sem servidor: mande seus registros ao patrão por arquivo.
No se pudo conectar. Se envía sola cuando haya internet.	Couldn't connect. It will send on its own when there's internet.	Não foi possível conectar. Envia sozinho quando tiver internet.
Listo: datos nuevos de tu jefe	Done: new data from your boss	Pronto: dados novos do patrão
Listo: datos de tu jefe al día	Done: your boss's data is up to date	Pronto: dados do patrão em dia
Nada nuevo para ti en ese archivo	Nothing new for you in that file	Nada de novo para você nesse arquivo
Modo claro u oscuro y colores	Light or dark mode and colors	Modo claro ou escuro e cores
Acerca de	About	Sobre
Versión y privacidad	Version and privacy	Versão e privacidade
Borrar datos de este teléfono	Delete data on this phone	Apagar dados deste celular
Si dejas el equipo o cambias de teléfono	If you leave the team or change phones	Se sair da equipe ou trocar de celular
Vaquero · versión {0}	Vaquero · version {0}	Vaquero · versão {0}
Acerca de Rumentis Vaquero	About Rumentis Vaquero	Sobre o Rumentis Vaquero
Versión {0}	Version {0}	Versão {0}
Lo que anotas se guarda en tu teléfono y se le manda cifrado a tu jefe: nadie más puede leerlo.	What you record is saved on your phone and sent encrypted to your boss: nobody else can read it.	O que você anota fica salvo no celular e é enviado criptografado ao patrão: ninguém mais pode ler.
Tu licencia es solo tuya; no la compartas.	Your license is only yours; don't share it.	Sua licença é só sua; não a compartilhe.
Revisa la licencia	Check the license	Confira a licença
hace un momento	a moment ago	há um momento
hace {0} minuto	{0} minute ago	há {0} minuto
hace {0} minutos	{0} minutes ago	há {0} minutos
hace {0} hora	{0} hour ago	há {0} hora
hace {0} horas	{0} hours ago	há {0} horas
nunca	never	nunca
Guardado	Saved	Salvo
Último pesaje hoy	Last weighing today	Última pesagem hoje
Último pesaje hoy · {0}	Last weighing today · {0}	Última pesagem hoje · {0}
Último pesaje ayer	Last weighing yesterday	Última pesagem ontem
Último pesaje ayer · {0}	Last weighing yesterday · {0}	Última pesagem ontem · {0}
ayer	yesterday	ontem
Entrega guardada: {0} {1}	Delivery saved: {0} {1}	Entrega salva: {0} {1}
promedio, día {0} de engorde	average, day {0} on feed	média, dia {0} de engorda
estimado, día {0} de engorde	estimated, day {0} on feed	estimado, dia {0} de engorda
Escribe lo que serviste a cada lote, o toca arriba para llenar todo con lo de siempre. Debajo, si quieres, marca cómo estaba el comedero.	Write what you served each lot, or tap above to fill everything with the usual. Below, if you want, mark how the bunk looked.	Escreva o que serviu a cada lote, ou toque acima para preencher tudo com o de sempre. Abaixo, se quiser, marque como estava o cocho.
http://{0}:{1}	http://{0}:{1}	http://{0}:{1}
Hacerlo	Do it	Fazer
Licencia de dueño	Owner license	Licença de dono
Modo dueño:	Owner mode:	Modo dono:
la licencia se crea al instante, sin cobrar, y sirve en Rumentis Vaquero como cualquier otra.	the license is created instantly, free of charge, and works in Rumentis Vaquero like any other.	a licença é criada na hora, sem cobrança, e funciona no Rumentis Vaquero como qualquer outra.
Modo dueño.	Owner mode.	Modo dono.
Tus licencias se crean sin cobrar y sirven en Rumentis Vaquero.	Your licenses are created free of charge and work in Rumentis Vaquero.	Suas licenças são criadas sem cobrança e funcionam no Rumentis Vaquero.
Tengo un código de dueño	I have an owner code	Tenho um código de dono
Código de dueño	Owner code	Código de dono
Solo para el dueño de Rumentis: con él creas licencias sin cobrar.	Only for the owner of Rumentis: with it you create licenses free of charge.	Só para o dono do Rumentis: com ele você cria licenças sem cobrança.
Ese código no es válido.	That code isn't valid.	Esse código não é válido.
Modo dueño activado: tus licencias no se cobran.	Owner mode on: your licenses are free.	Modo dono ativado: suas licenças não são cobradas.
Activaste el modo dueño	You turned on owner mode	Você ativou o modo dono
Crear mi primera licencia	Create my first license	Criar minha primeira licença
Crear otra licencia	Create another license	Criar outra licença
Crear una licencia	Create a license	Criar uma licença
Creaste la licencia {0}	You created license {0}	Você criou a licença {0}
Ese archivo no es de tu jefe.	That file isn't from your boss.	Esse arquivo não é do seu patrão.
RD-XXXX-XXXX-XXXX-XXXX-XXXX	RD-XXXX-XXXX-XXXX-XXXX-XXXX	RD-XXXX-XXXX-XXXX-XXXX-XXXX
Ese archivo lo hiciste tú: mándaselo a tu equipo por WhatsApp.	You made that file: send it to your team on WhatsApp.	Esse arquivo foi você que fez: mande para a sua equipe pelo WhatsApp.
Ese archivo ya lo abriste. Cada archivo se abre una sola vez: pide uno nuevo.	You already opened that file. Each file opens only once: ask for a new one.	Você já abriu esse arquivo. Cada arquivo abre uma vez só: peça um novo.
Tu licencia {0} es de {1}. En cuanto tu jefe abra Rumentis, entras al equipo.	Your license {0} is from {1}. As soon as your boss opens Rumentis, you'll join the team.	Sua licença {0} é de {1}. Assim que seu patrão abrir o Rumentis, você entra na equipe.
Lo que mandas a tu equipo termina en .vaquero y se abre en Rumentis Vaquero. Lo que te mandan tus vaqueros termina en .rumentis: en WhatsApp tócalo y elige Rumentis. Cada archivo se abre una sola vez.	What you send your team ends in .vaquero and opens in Rumentis Vaquero. What your cowhands send you ends in .rumentis: in WhatsApp, tap it and choose Rumentis. Each file opens only once.	O que você manda para a equipe termina em .vaquero e abre no Rumentis Vaquero. O que seus vaqueiros mandam termina em .rumentis: no WhatsApp, toque nele e escolha Rumentis. Cada arquivo abre uma vez só.
Lo que mandas a tu jefe termina en .rumentis. Lo que él te manda termina en .vaquero: en WhatsApp tócalo y elige Rumentis Vaquero. Cada archivo se abre una sola vez.	What you send your boss ends in .rumentis. What your boss sends you ends in .vaquero: in WhatsApp, tap it and choose Rumentis Vaquero. Each file opens only once.	O que você manda para o patrão termina em .rumentis. O que ele manda para você termina em .vaquero: no WhatsApp, toque nele e escolha Rumentis Vaquero. Cada arquivo abre uma vez só.
Ese archivo es para Rumentis Vaquero: se abre ahí.	That file is for Rumentis Vaquero: opening it there.	Esse arquivo é para o Rumentis Vaquero: vai abrir lá.
Ese archivo es para la app Rumentis Vaquero. Ábrelo en esa app.	That file is for the Rumentis Vaquero app. Open it in that app.	Esse arquivo é para o app Rumentis Vaquero. Abra nesse app.
Ese archivo es para Rumentis, la app del jefe: se abre ahí.	That file is for Rumentis, the boss's app: opening it there.	Esse arquivo é para o Rumentis, o app do patrão: vai abrir lá.
Ese archivo es para Rumentis, la app del jefe. Ábrelo en esa app.	That file is for Rumentis, the boss's app. Open it in that app.	Esse arquivo é para o Rumentis, o app do patrão. Abra nesse app.
En vivo	Live	Ao vivo
Automática por el servidor	Automatic through the server	Automática pelo servidor
Lo que registra tu equipo te llega al instante	What your team records reaches you instantly	O que sua equipe registra chega na hora
En vivo con tu jefe	Live with your boss	Ao vivo com seu patrão
La dirección que muestra el servidor de la finca al encenderlo. Sin servidor, el equipo se pasa los datos por archivo.	The address the farm server shows when you turn it on. Without a server, the team shares data by file.	O endereço que o servidor da fazenda mostra ao ligar. Sem servidor, a equipe troca os dados por arquivo.
Esa dirección no sirve. Escribe la que muestra el servidor de la finca, por ejemplo {0}.{1}.{2}.{3}:{4}.	That address won't work. Type the one the farm server shows, for example {0}.{1}.{2}.{3}:{4}.	Esse endereço não serve. Digite o que o servidor da fazenda mostra, por exemplo {0}.{1}.{2}.{3}:{4}.
Todo el equipo · {0}	Whole team · {0}	Toda a equipe · {0}
