{0} entró al equipo. Envíale la actualización para que empiece.	{0} joined the team. Send them the update so they can start.	{0} entrou na equipe. Envie a atualização para começar.
Tu personal registra en Rumentis Campo y te envía su reporte del día.	Your staff records in Rumentis Campo and sends you their daily report.	Sua equipe registra no Rumentis Campo e envia o relatório do dia.
colaborador	team member	colaborador
colaboradores	team members	colaboradores
Colaborador	Team member	Colaborador
Colaboradores	Team members	Colaboradores
por registrar	to record	para registrar
Las licencias se crean sin costo. Tu personal usa	Licenses are created at no cost. Your staff uses	As licenças são criadas sem custo. Sua equipe usa
Campo Prueba	Campo Prueba	Campo Prueba
Rumentis Campo	Rumentis Campo	Rumentis Campo
Campo	Campo	Campo
Reporte de hoy a las {0}:{1}	Today's report at {0}:{1}	Relatório de hoje às {0}:{1}
Reporte de hoy pendiente	Today's report is pending	Relatório de hoje pendente
Reporte de hoy por registrar, {0}:{1}	Today's report to record, {0}:{1}	Relatório de hoje para registrar, {0}:{1}
Reporte de hoy registrado	Today's report recorded	Relatório de hoje registrado
Reporte diario	Daily report	Relatório diário
Hora del reporte	Report time	Horário do relatório
A esa hora a tu personal le llega un aviso para enviarte su reporte.	At that time your staff gets a reminder to send you their report.	Nesse horário sua equipe recebe um aviso para enviar o relatório.
Abrir un reporte	Open a report	Abrir um relatório
Enviar actualización	Send update	Enviar atualização
Los reportes llegan como archivo .rumentis: en WhatsApp o en el correo tócalo y elige Rumentis. La actualización que envías lleva las tareas, los lotes y la confirmación de lo registrado; termina en .campo y se abre en Rumentis Campo. Cada archivo se abre una sola vez.	Reports arrive as a .rumentis file: in WhatsApp or email, tap it and choose Rumentis. The update you send carries the tasks, the lots and the confirmation of what was recorded; it ends in .campo and opens in Rumentis Campo. Each file opens only once.	Os relatórios chegam como arquivo .rumentis: no WhatsApp ou no e-mail, toque nele e escolha Rumentis. A atualização que você envia leva as tarefas, os lotes e a confirmação do que foi registrado; termina em .campo e abre no Rumentis Campo. Cada arquivo abre uma vez só.
Aceptar solicitudes de acceso solas	Accept access requests automatically	Aceitar pedidos de acesso sozinho
Aceptar solas	Accept automatically	Aceitar sozinho
Asigna tareas de una vez, diarias o semanales. Salen en el reporte de cada colaborador.	Assign one-time, daily or weekly tasks. They show up in each team member's report.	Atribua tarefas únicas, diárias ou semanais. Elas aparecem no relatório de cada colaborador.
Reporte a las {0}:{1}. Envía la actualización para que le llegue a tu equipo.	Report at {0}:{1}. Send the update so your team gets it.	Relatório às {0}:{1}. Envie a atualização para que chegue à sua equipe.
¿Cada cuánto?	How often?	Com que frequência?
Una vez	Once	Uma vez
Todos los días	Every day	Todos os dias
{0} vez por semana	{0} time a week	{0} vez por semana
{0} veces por semana	{0} times a week	{0} vezes por semana
Las diarias y semanales se repiten solas; el avance sale en cada reporte.	Daily and weekly tasks repeat on their own; progress shows up in each report.	As diárias e semanais se repetem sozinhas; o progresso aparece em cada relatório.
¿Desde cuándo?	Starting when?	A partir de quando?
Tarea para todo el equipo. Les llega con la próxima actualización.	Task for the whole team. They get it with the next update.	Tarefa para toda a equipe. Chega com a próxima atualização.
Tarea para {0}. Les llega con la próxima actualización.	Task for {0}. They get it with the next update.	Tarefa para {0}. Chega com a próxima atualização.
{0} de {1} esta semana	{0} of {1} this week	{0} de {1} nesta semana
hecha hoy	done today	feita hoje
Tarea asignada	Assigned task	Tarefa atribuída
Actualización para el equipo	Update for the team	Atualização para a equipe
Reporte de {0}: revísalo y regístralo	Report from {0}: review it and record it	Relatório de {0}: revise e registre
{0} reporte nuevo por registrar	{0} new report to record	{0} relatório novo para registrar
{0} reportes nuevos por registrar	{0} new reports to record	{0} relatórios novos para registrar
Reporte del día	Daily report	Relatório do dia
{0} · enviado a las {1}:{2}	{0} · sent at {1}:{2}	{0} · enviado às {1}:{2}
registros nuevos	new records	registros novos
tareas del día	tasks of the day	tarefas do dia
días reportados esta semana	days reported this week	dias relatados nesta semana
Novedades	Notes	Novidades
Tareas del día	Tasks of the day	Tarefas do dia
Hecha	Done	Feita
Pendiente	Pending	Pendente
Tareas de la semana	Tasks of the week	Tarefas da semana
Para registrar en tu finca	To record on your farm	Para registrar na sua fazenda
Quita la marca de lo que no quieras registrar.	Uncheck anything you don't want to record.	Desmarque o que você não quiser registrar.
Entregó {1} {2} de alimento a {0}	Delivered {1} {2} of feed to {0}	Entregou {1} {2} de ração para {0}
Aplicó {0} a {1}	Applied {0} to {1}	Aplicou {0} em {1}
Hizo: {0}	Did: {0}	Fez: {0}
Pesó {0}: {1} de promedio	Weighed {0}: {1} average	Pesou {0}: {1} de média
Pesó animales de {0}	Weighed animals in {0}	Pesou animais de {0}
Anotó {0} muerte en {1}	Recorded {0} death in {1}	Registrou {0} morte em {1}
Anotó {0} muertes en {1}	Recorded {0} deaths in {1}	Registrou {0} mortes em {1}
Borró un registro	Deleted a record	Apagou um registro
Borró un registro de {0}	Deleted a record from {0}	Apagou um registro de {0}
Corrigió un registro de {0}	Corrected a record from {0}	Corrigiu um registro de {0}
Cerró {0}	Closed {0}	Fechou {0}
Actualizó los animales de {0}	Updated the animals of {0}	Atualizou os animais de {0}
Cambió la ración de {0}	Changed the ration of {0}	Mudou a ração de {0}
Ya está registrado	Already recorded	Já está registrado
Sin permiso para registrarlo	No permission to record it	Sem permissão para registrar
El lote ya no existe	The lot no longer exists	O lote não existe mais
La tarea ya no existe	The task no longer exists	A tarefa não existe mais
Registrar {0} cambio	Record {0} change	Registrar {0} alteração
Registrar {0} cambios	Record {0} changes	Registrar {0} alterações
Marcar como revisado	Mark as reviewed	Marcar como revisado
Reporte registrado	Report recorded	Relatório registrado
{0} cambio en tu finca	{0} change on your farm	{0} alteração na sua fazenda
{0} cambios en tu finca	{0} changes on your farm	{0} alterações na sua fazenda
{0} registro dejado fuera	{0} record left out	{0} registro deixado de fora
{0} registros dejados fuera	{0} records left out	{0} registros deixados de fora
Envía la actualización al equipo: les llega la confirmación, sus tareas y los lotes al día.	Send the update to the team: they get the confirmation, their tasks and the lots up to date.	Envie a atualização para a equipe: chega a confirmação, as tarefas e os lotes em dia.
Te queda {0} reporte por registrar.	You have {0} report left to record.	Falta {0} relatório para registrar.
Te quedan {0} reportes por registrar.	You have {0} reports left to record.	Faltam {0} relatórios para registrar.
Luego	Later	Depois
cambios registrados	changes recorded	alterações registradas
Registrado.	Recorded.	Registrado.
Registrado	Recorded	Registrado
Por registrar	To record	Para registrar
Sus registros van en un reporte más reciente de {0}.	Their records are in a newer report from {0}.	Os registros estão em um relatório mais recente de {0}.
No tenía tareas para ese día.	No tasks for that day.	Não tinha tarefas para esse dia.
Este reporte no trae registros nuevos.	This report has no new records.	Este relatório não traz registros novos.
Reportes por registrar	Reports to record	Relatórios para registrar
{0} de {1} tareas	{0} of {1} tasks	{0} de {1} tarefas
Reportes anteriores	Earlier reports	Relatórios anteriores
incluido	included	incluído
registrado	recorded	registrado
{0} envió su reporte del {1}	{0} sent their report for {1}	{0} enviou o relatório de {1}
Registraste el reporte de {0} del {1}	You recorded {0}'s report for {1}	Você registrou o relatório de {0} de {1}
{0} hizo: {1}	{0} did: {1}	{0} fez: {1}
Esta semana: {0} de {1} días con reporte	This week: {0} of {1} days with a report	Nesta semana: {0} de {1} dias com relatório
Reportes	Reports	Relatórios
Incluido en uno más reciente	Included in a newer one	Incluído em um mais recente
Todavía no envía reportes.	No reports sent yet.	Ainda não enviou relatórios.
Sin tareas asignadas.	No assigned tasks.	Sem tarefas atribuídas.
{0} colaborador activo	{0} active team member	{0} colaborador ativo
{0} colaboradores activos	{0} active team members	{0} colaboradores ativos
{0} reporte por registrar	{0} report to record	{0} relatório para registrar
{0} reportes por registrar	{0} reports to record	{0} relatórios para registrar
Suma a tu personal con su propia app	Add your staff with their own app	Adicione sua equipe com o próprio app
Aquí verás lo que pasa en tu equipo.	Here you'll see what happens in your team.	Aqui você vê o que acontece na sua equipe.
Todavía no hay nada que enviar: primero suma a un colaborador.	Nothing to send yet: first add a team member.	Ainda não há nada para enviar: primeiro adicione um colaborador.
¡Licencia lista! Compártela con la persona que la va a usar.	License ready! Share it with the person who will use it.	Licença pronta! Compartilhe com a pessoa que vai usar.
Hola, te doy una licencia de Rumentis Campo para trabajar con el equipo de {0}.	Hi, here is a Rumentis Campo license to work with the {0} team.	Olá, aqui está uma licença do Rumentis Campo para trabalhar com a equipe de {0}.
Las {0} entregas de hoy están anotadas.	Today's {0} deliveries are recorded.	As {0} entregas de hoje estão registradas.
Vacuna, desparasitante, tratamiento. Último: hoy	Vaccine, dewormer, treatment. Last: today	Vacina, vermífugo, tratamento. Último: hoje
Vacuna en {0}	Vaccine in {0}	Vacina em {0}
Con la licencia que te dio la administración anotas aquí la comida, los pesajes y la sanidad, y al terminar el día envías tu reporte.	With the license the farm management gave you, you record feed, weighings and health here, and send your report at the end of the day.	Com a licença que a administração deu, você registra aqui a ração, as pesagens e a sanidade, e no fim do dia envia seu relatório.
Como aparece en tus documentos.	As it appears on your ID.	Como aparece nos seus documentos.
entras a una finca de muestra.	you enter a sample farm.	você entra em uma fazenda de exemplo.
Esperando confirmación	Waiting for confirmation	Aguardando confirmação
Envía tu solicitud de acceso a la administración por WhatsApp o correo.	Send your access request to the farm management by WhatsApp or email.	Envie seu pedido de acesso para a administração pelo WhatsApp ou e-mail.
Te devuelven un archivo de acceso: tócalo y elige Rumentis Campo.	They send you back an access file: tap it and choose Rumentis Campo.	Eles devolvem um arquivo de acesso: toque nele e escolha Rumentis Campo.
Enviar solicitud de acceso	Send access request	Enviar pedido de acesso
Abrir archivo de acceso	Open access file	Abrir arquivo de acesso
Solicitud de acceso	Access request	Pedido de acesso
Pide a la administración tu archivo de acceso.	Ask the farm management for your access file.	Peça à administração seu arquivo de acesso.
La administración todavía no confirma.	The farm management hasn't confirmed yet.	A administração ainda não confirmou.
La administración no aceptó la licencia.	The farm management didn't accept the license.	A administração não aceitou a licença.
La administración no aceptó la solicitud.	The farm management didn't accept the request.	A administração não aceitou o pedido.
No encuentro esa licencia. Revísala con la administración.	I can't find that license. Check it with the farm management.	Não encontro essa licença. Confira com a administração.
Ese archivo no es de tu finca.	That file isn't from your farm.	Esse arquivo não é da sua fazenda.
Ese archivo lo hiciste tú: compártelo por WhatsApp o correo.	You made that file: share it by WhatsApp or email.	Esse arquivo foi você que fez: compartilhe pelo WhatsApp ou e-mail.
Envíalo al terminar la jornada, a las {0}:{1}	Send it at the end of the workday, at {0}:{1}	Envie no fim da jornada, às {0}:{1}
Es hora de tu reporte	Time for your report	Hora do seu relatório
La administración lo espera a las {0}:{1}	The farm management expects it at {0}:{1}	A administração espera às {0}:{1}
Es hora de tu reporte del día	Time for your daily report	Hora do seu relatório do dia
Ábrelo en Rumentis Campo y envíalo a la administración por WhatsApp o correo.	Open it in Rumentis Campo and send it to the farm management by WhatsApp or email.	Abra no Rumentis Campo e envie para a administração pelo WhatsApp ou e-mail.
Tareas de hoy: {0} de {1}	Today's tasks: {0} of {1}	Tarefas de hoje: {0} de {1}
Preparar reporte	Prepare report	Preparar relatório
Asignada por la administración	Assigned by the farm management	Atribuída pela administração
Listo: tu finca está al día	Done: your farm is up to date	Pronto: sua fazenda está em dia
Toca lo que quieres anotar. Va en tu reporte del día, con tu nombre.	Tap what you want to record. It goes in your daily report, with your name.	Toque no que quer registrar. Vai no seu relatório do dia, com seu nome.
{0} registro para tu reporte	{0} record for your report	{0} registro para seu relatório
{0} registros para tu reporte	{0} records for your report	{0} registros para seu relatório
va en tu reporte	goes in your report	vai no seu relatório
reportado	reported	relatado
Lo que toca hacer: lo asignado por la administración y el manejo de los lotes.	What's due: what the farm management assigned and the lot management.	O que tem para fazer: o atribuído pela administração e o manejo dos lotes.
Todavía no tienes permiso para registrar. Pídelo a la administración.	You don't have permission to record yet. Ask the farm management.	Você ainda não tem permissão para registrar. Peça à administração.
Nada pendiente. Lo que te asignen aparece aquí.	Nothing pending. What they assign you shows up here.	Nada pendente. O que atribuírem aparece aqui.
La finca todavía no tiene lotes en engorde.	The farm has no lots on feed yet.	A fazenda ainda não tem lotes em engorda.
La finca todavía no tiene lotes.	The farm has no lots yet.	A fazenda ainda não tem lotes.
Eso ya está registrado en la finca: pide a la administración que lo corrija.	That's already recorded on the farm: ask the farm management to correct it.	Isso já está registrado na fazenda: peça à administração para corrigir.
En el modo de prueba el reporte no sale de este teléfono.	In test mode the report doesn't leave this phone.	No modo de teste o relatório não sai deste celular.
tareas de hoy	today's tasks	tarefas de hoje
semanales cumplidas	weekly tasks done	semanais cumpridas
Novedades del día	Notes of the day	Novidades do dia
Opcional: un animal enfermo, un bebedero dañado, algo que haga falta…	Optional: a sick animal, a broken waterer, something that's needed…	Opcional: um animal doente, um bebedouro quebrado, algo que falte…
El archivo lleva {0} registro para registrar en la finca. Envíalo por WhatsApp o correo; la administración lo abre con Rumentis.	The file carries {0} record to record on the farm. Send it by WhatsApp or email; the farm management opens it with Rumentis.	O arquivo leva {0} registro para registrar na fazenda. Envie pelo WhatsApp ou e-mail; a administração abre com o Rumentis.
El archivo lleva {0} registros para registrar en la finca. Envíalo por WhatsApp o correo; la administración lo abre con Rumentis.	The file carries {0} records to record on the farm. Send it by WhatsApp or email; the farm management opens it with Rumentis.	O arquivo leva {0} registros para registrar na fazenda. Envie pelo WhatsApp ou e-mail; a administração abre com o Rumentis.
Hoy no hay registros nuevos: el reporte lleva tus tareas y novedades. Envíalo por WhatsApp o correo; la administración lo abre con Rumentis.	No new records today: the report carries your tasks and notes. Send it by WhatsApp or email; the farm management opens it with Rumentis.	Hoje não há registros novos: o relatório leva suas tarefas e novidades. Envie pelo WhatsApp ou e-mail; a administração abre com o Rumentis.
Enviar reporte	Send report	Enviar relatório
Reporte enviado	Report sent	Relatório enviado
Hoy a las {0}:{1}	Today at {0}:{1}	Hoje às {0}:{1}
Elige WhatsApp o correo y envíalo a la administración.	Choose WhatsApp or email and send it to the farm management.	Escolha WhatsApp ou e-mail e envie para a administração.
La administración registró tu reporte del {0}.	The farm management recorded your report for {0}.	A administração registrou seu relatório de {0}.
{0} cambio registrado	{0} change recorded	{0} alteração registrada
{0} cambios registrados	{0} changes recorded	{0} alterações registradas
Tienes registros nuevos	You have new records	Você tem registros novos
{0} registro después de tu reporte	{0} record after your report	{0} registro depois do seu relatório
{0} registros después de tu reporte	{0} records after your report	{0} registros depois do seu relatório
Enviar reporte actualizado	Send updated report	Enviar relatório atualizado
Tu cuenta, tus reportes y ajustes.	Your account, your reports and settings.	Sua conta, seus relatórios e ajustes.
Reporte diario a las {0}:{1}	Daily report at {0}:{1}	Relatório diário às {0}:{1}
Hoy lo enviaste a las {0}:{1}	You sent it today at {0}:{1}	Hoje você enviou às {0}:{1}
Hoy todavía no lo envías	You haven't sent it today	Hoje ainda não enviou
Abrir archivo de la administración	Open file from the farm management	Abrir arquivo da administração
Tu reporte sale como archivo .rumentis y la administración lo abre con Rumentis. Lo que te mandan termina en .campo: en WhatsApp tócalo y elige Rumentis Campo. Cada archivo se abre una sola vez.	Your report goes out as a .rumentis file and the farm management opens it with Rumentis. What they send you ends in .campo: in WhatsApp, tap it and choose Rumentis Campo. Each file opens only once.	Seu relatório sai como arquivo .rumentis e a administração abre com o Rumentis. O que mandam para você termina em .campo: no WhatsApp, toque nele e escolha Rumentis Campo. Cada arquivo abre uma vez só.
Rumentis Campo · versión {0}	Rumentis Campo · version {0}	Rumentis Campo · versão {0}
Acerca de Rumentis Campo	About Rumentis Campo	Sobre o Rumentis Campo
Lo que anotas se guarda en tu teléfono y viaja cifrado en tu reporte: solo la administración de tu finca puede leerlo.	What you record is saved on your phone and travels encrypted in your report: only your farm's management can read it.	O que você registra fica no seu celular e viaja criptografado no relatório: só a administração da sua fazenda pode ler.
Suma a tu personal	Add your staff	Adicione sua equipe
Cada colaborador usa	Each team member uses	Cada colaborador usa
Anota entregas de alimento, pesajes, sanidad y muertes, y marca sus tareas.	They record feed deliveries, weighings, health and deaths, and check off their tasks.	Registra entregas de ração, pesagens, sanidade e mortes, e marca suas tarefas.
Al terminar el día te envía su reporte por WhatsApp o correo; lo revisas y con un toque queda registrado en tu finca.	At the end of the day they send you their report by WhatsApp or email; you review it and one tap records it on your farm.	No fim do dia envia o relatório pelo WhatsApp ou e-mail; você revisa e com um toque fica registrado na sua fazenda.
No ve tus finanzas, precios ni a Rumi.	They don't see your finances, prices or Rumi.	Não vê suas finanças, preços nem o Rumi.
Licencia de acceso	Access license	Licença de acesso
La persona escanea este código con la cámara de su teléfono y descarga	The person scans this code with their phone camera and downloads	A pessoa escaneia este código com a câmera do celular e baixa
Te envía su solicitud de acceso; la abres aquí y le devuelves la actualización. Desde ahí te envía su reporte cada día.	They send you their access request; you open it here and send back the update. From then on they send you their report every day.	Envia o pedido de acesso; você abre aqui e devolve a atualização. A partir daí envia o relatório todo dia.
Ese archivo es para la app Rumentis Campo. Ábrelo en esa app.	That file is for the Rumentis Campo app. Open it in that app.	Esse arquivo é para o app Rumentis Campo. Abra nesse app.
Ese archivo es para Rumentis Campo: se abre ahí.	That file is for Rumentis Campo: opening it there.	Esse arquivo é para o Rumentis Campo: vai abrir lá.
Ese archivo es para Rumentis, la app de la administración. Ábrelo en esa app.	That file is for Rumentis, the farm management app. Open it in that app.	Esse arquivo é para o Rumentis, o app da administração. Abra nesse app.
Ese archivo es para Rumentis, la app de la administración: se abre ahí.	That file is for Rumentis, the farm management app: opening it there.	Esse arquivo é para o Rumentis, o app da administração: vai abrir lá.
{0} solicita acceso al equipo	{0} is requesting access to the team	{0} pede acesso à equipe
Solicitudes de acceso	Access requests	Pedidos de acesso
{0} solicita acceso con la licencia {1}	{0} requests access with license {1}	{0} pede acesso com a licença {1}
Solicita acceso	Requests access	Pede acesso
Escribe tu nombre y apellido.	Type your first and last name.	Escreva seu nome e sobrenome.
En línea	Online	Online
Enviando	Sending	Enviando
La administración dio de baja tu licencia. Lo que registraste se queda en la finca.	The farm management deactivated your license. What you recorded stays on the farm.	A administração desativou sua licença. O que você registrou fica na fazenda.
Se borran tu licencia y los datos de la finca. Lo que ya reportaste se queda en la finca.	Your license and the farm data are deleted. What you already reported stays on the farm.	Sua licença e os dados da fazenda são apagados. O que você já relatou fica na fazenda.
Esa licencia es de la app de prueba. Pide a la administración una licencia de la app de Google Play.	That license is from the test app. Ask the farm management for a license from the Google Play app.	Essa licença é do app de teste. Peça à administração uma licença do app do Google Play.
Tengo un código maestro	I have a master code	Tenho um código mestre
Código maestro	Master code	Código mestre
Solo para el titular de Rumentis: con él las licencias se crean sin costo.	Only for the Rumentis account holder: with it, licenses are created at no cost.	Só para o titular do Rumentis: com ele as licenças são criadas sem custo.
Código maestro activado: tus licencias no se cobran.	Master code activated: your licenses are free.	Código mestre ativado: suas licenças não são cobradas.
Código maestro activo.	Master code active.	Código mestre ativo.
Tus licencias se crean sin costo y sirven en Rumentis Campo.	Your licenses are created at no cost and work in Rumentis Campo.	Suas licenças são criadas sem custo e funcionam no Rumentis Campo.
Licencia sin costo	No-cost license	Licença sem custo
Código maestro:	Master code:	Código mestre:
la licencia se crea al instante, sin costo, y sirve en Rumentis Campo como cualquier otra.	the license is created instantly, at no cost, and works in Rumentis Campo like any other.	a licença é criada na hora, sem custo, e funciona no Rumentis Campo como qualquer outra.
Activaste el código maestro	You activated the master code	Você ativou o código mestre
Las licencias se compran en la app de Rumentis de Google Play.	Licenses are bought in the Rumentis app from Google Play.	As licenças são compradas no app Rumentis do Google Play.
Peso, ganancia, consumo, costos y margen	Weight, gain, intake, costs and margin	Peso, ganho, consumo, custos e margem
En Hoy toca Gráficos, debajo de la agenda. También está en Más.	On Today, tap Charts, below the schedule. It's also in More.	Em Hoje toque em Gráficos, abaixo da agenda. Também está em Mais.
Aquí sumas a tu personal: cada colaborador anota desde Rumentis Campo y al final del día te envía su reporte para que lo registres.	Here you add your staff: each team member records from Rumentis Campo and at the end of the day sends you their report for you to record.	Aqui você adiciona sua equipe: cada colaborador registra pelo Rumentis Campo e no fim do dia envia o relatório para você registrar.
Aquí están los gráficos, el análisis de Rumi, la configuración, la agenda de tareas, tus raciones, los gastos y la copia de tus datos.	Here you'll find the charts, Rumi's analysis, settings, the task schedule, your rations, expenses and your data backup.	Aqui estão os gráficos, a análise do Rumi, a configuração, a agenda de tarefas, suas rações, os gastos e a cópia dos seus dados.
