n,peso_kg,alzada_cm,perimetro_toracico_cm,largo_oblicuo_cm,fondo_pecho_foto_cm,largo_foto_cm,fondo_medio_foto_cm
1,545,124,190,161,62.73,96.33,72.41
2,507,120,183,152,61.55,106.92,65.65
3,450,124,179,151,61.31,100.65,65.56
4,604,129,202,174,68.53,107.3,73.11
5,448,114,176,128,59.26,88.99,62.35
6,450,120,180,138,58.11,95.24,61.58
7,495,124,182,162,65.1,97.04,67.13
8,434,119,174,154,58.23,90.49,63.8
9,400,115,170,142,60.58,88.18,61.02
10,467,118,180,156,61.62,73.96,68.72
11,466,118,190,145,63.95,103.54,72.45
12,362,112,173,138,55.93,88.33,62.99
13,444,122,189,151,61.9,93.75,67.21
14,441,121,181,152,62.69,106.26,69.15
15,497,121,193,157,61.01,94.5,65.42
16,409,116,171,127,56.65,88.14,64.4
17,371,117,168,138,57.33,97.19,57.75
18,434,119,176,153,58.36,97.73,63.4
19,367,115,173,138,57.24,92.09,62.58
21,403,118,174,142,56.09,92.95,63.93
22,440,120,175,142,56.97,97.67,64.24
23,362,112,173,138,56.0,92.05,60.06
24,445,122,186,144,56.4,99.59,64.43
25,362,112,173,138,59.73,94.59,63.54
26,467,118,180,156,58.65,88.37,58.94
27,450,123,180,138,62.33,95.94,66.33
28,601,128,192,167,65.03,108.18,68.99
29,550,118,194,154,59.53,78.6,65.14
30,608,131,197,170,66.85,106.79,74.12
31,486,120,186,155,62.63,99.51,66.86
32,465,125,183,159,66.51,107.02,71.29
33,450,123,180,138,61.58,107.0,66.2
34,497,121,193,157,64.15,107.22,66.8
35,602,128,201,168,63.21,101.93,69.82
36,400,118,174,142,59.0,99.99,64.01
37,612,130,209,170,70.34,123.31,71.55
38,559,125,193,161,63.82,112.35,70.44
39,617,128,204,171,62.18,98.33,64.88
40,342,100,167,146,52.38,87.12,56.58
41,479,121,190,145,59.36,101.78,60.74
42,445,122,186,144,67.56,100.26,70.83
43,601,128,192,167,63.58,104.62,70.57
44,565,125,193,161,63.6,113.77,67.72
45,341,100,167,146,50.39,82.36,50.7
46,353,100,167,148,54.08,73.87,58.26
47,511,125,192,157,66.29,100.52,67.1
48,486,120,186,155,56.96,90.84,61.93
49,342,100,167,146,55.67,90.6,58.92
50,600,130,190,167,64.84,107.39,71.14
51,450,123,180,138,60.06,92.56,70.78
52,443,118,176,150,56.56,86.34,60.4
53,550,118,194,154,62.98,91.58,68.09
54,444,122,189,151,64.66,96.12,70.89
55,497,121,193,157,62.7,93.04,69.93
56,408,118,175,150,63.54,101.5,71.3
57,346,100,167,146,54.85,78.56,56.17
58,465,125,183,159,71.2,95.67,78.08
59,602,128,201,168,69.83,109.56,76.82
60,497,121,193,157,66.23,98.51,65.54
61,601,128,192,167,59.67,99.9,65.01
62,586,125,193,161,67.63,116.32,74.2
63,608,131,197,170,68.94,90.92,71.2
64,610,130,200,173,74.91,114.65,84.47
65,445,122,186,144,56.08,98.08,63.19
66,346,100,167,146,54.64,79.32,55.88
67,486,120,186,155,62.79,99.1,66.2
68,617,128,204,171,65.86,100.54,72.76
69,512,120,183,155,64.03,85.83,68.82
70,644,137,221,174,70.97,96.65,79.67
71,586,125,193,161,67.86,116.45,73.26
72,567,114,189,156,54.8,91.65,59.7
