edad_anios,sexo,alzada_cm,perimetro_cm,largo_cm,peso_kg
10,F,118.0,145.0,117.5,200.0
10,F,121.0,146.0,117.5,247.0
12,F,133.0,158.0,117.5,324.0
8,F,123.0,151.0,118.0,250.5
6,F,125.0,157.0,118.0,303.0
10,F,131.0,161.0,118.0,305.5
11,F,118.0,154.0,120.0,287.5
8,F,121.0,152.0,121.0,230.0
12,F,126.0,142.0,123.0,250.0
10,F,119.0,143.0,123.0,207.0
6,F,120.0,151.0,123.0,215.5
12,F,114.0,141.0,125.0,208.0
12,F,126.0,159.0,125.0,292.0
12,F,125.0,160.0,125.0,254.0
10,F,127.0,169.0,125.0,369.5
10,F,115.0,136.5,126.0,204.0
11,F,121.0,141.0,126.0,244.0
9,F,120.0,150.0,126.0,233.0
10,F,126.0,150.0,126.0,253.0
10,F,119.0,153.0,126.0,263.0
12,F,121.0,169.0,126.0,329.5
4,F,123.0,149.0,127.0,234.0
10,F,126.0,151.0,127.0,243.0
10,F,119.0,155.0,127.0,286.5
10,F,124.0,157.0,127.0,259.0
5,F,123.0,165.0,127.0,305.0
12,F,128.0,165.0,127.0,314.0
12,F,121.0,180.5,127.0,352.0
7,F,120.0,155.0,128.0,274.0
7,F,124.0,159.0,128.0,279.0
9,F,120.0,145.0,129.0,250.0
10,F,125.0,165.0,129.0,365.5
7,F,132.0,178.0,129.0,403.5
4,F,118.0,153.0,130.0,271.0
7,F,124.0,154.0,130.0,287.0
6,F,126.0,162.0,130.0,275.0
11,F,120.0,163.0,130.0,312.0
10,F,132.0,165.0,130.0,291.5
8,F,124.0,168.0,130.0,350.5
4,F,121.0,145.0,131.0,242.5
8,F,120.0,150.0,131.0,222.5
11,F,118.0,156.0,131.0,279.5
10,F,132.0,180.5,131.0,361.0
7,F,127.0,154.0,131.5,285.0
8,F,117.0,153.0,132.0,264.0
4,F,127.0,155.0,132.0,250.0
8,F,126.0,157.0,132.0,335.5
6,F,125.0,159.0,132.0,260.0
6,F,125.0,160.0,132.0,316.0
7,F,117.0,163.0,132.0,281.0
12,F,129.0,164.0,132.0,335.0
10,F,129.0,167.0,132.0,325.0
8,F,129.0,170.0,132.0,335.5
8,F,121.0,145.5,133.0,245.5
10,F,120.0,149.0,133.0,302.0
6,F,122.0,150.0,133.0,225.0
7,F,126.0,152.0,133.0,261.5
6,F,123.0,153.0,133.0,257.0
7,F,125.0,156.0,133.0,259.5
6,F,124.0,157.0,133.0,284.0
10,F,123.0,159.0,133.0,324.0
7,F,125.0,159.0,133.0,277.5
7,F,121.0,160.0,133.0,281.0
12,F,129.0,160.0,133.0,289.5
12,F,125.0,165.0,133.0,300.0
12,F,123.0,166.0,133.0,394.0
10,F,129.0,166.0,133.0,318.0
10,F,124.0,175.0,133.0,333.0
12,F,120.0,152.0,134.0,272.0
10,F,121.0,152.0,134.0,270.5
9,F,117.0,155.0,134.0,242.0
10,F,119.0,158.0,134.0,263.5
10,F,122.0,160.0,134.0,260.0
8,F,121.0,148.0,135.0,259.5
10,F,121.0,149.0,135.0,215.5
7,F,120.0,150.0,135.0,211.5
8,F,120.0,154.0,135.0,276.5
12,F,121.0,155.0,135.0,252.0
12,F,123.0,156.0,135.0,280.0
12,F,123.0,156.0,135.0,282.0
12,F,122.0,159.0,135.0,264.0
12,F,124.0,159.0,135.0,265.5
12,F,125.0,161.0,135.0,274.5
12,F,122.0,163.0,135.0,307.5
10,F,129.0,168.0,135.0,401.5
5,F,118.0,143.0,136.0,229.0
10,F,123.0,145.0,136.0,192.5
12,F,120.0,149.0,136.0,239.0
11,F,125.0,153.0,136.0,279.0
12,F,122.0,154.0,136.0,240.5
10,F,126.0,154.0,136.0,210.5
6,F,123.0,156.0,136.0,337.5
12,F,123.0,157.0,136.0,288.5
12,F,132.0,158.0,136.0,285.0
10,F,124.0,159.0,136.0,299.0
5,F,123.0,161.0,136.0,320.0
12,F,123.0,172.0,136.0,365.0
7,F,123.0,143.0,137.0,247.5
7,F,119.0,147.0,137.0,249.5
12,F,121.0,148.0,137.0,246.0
8,F,122.0,149.0,137.0,282.0
10,F,116.0,151.0,137.0,234.0
10,F,123.0,151.0,137.0,272.0
12,F,123.0,154.0,137.0,257.5
8,F,126.0,154.0,137.0,248.0
6,F,119.0,155.0,137.0,259.5
12,F,120.0,158.0,137.0,288.0
12,F,122.0,159.0,137.0,284.0
12,F,124.0,162.0,137.0,300.0
12,F,124.0,163.0,137.0,337.5
10,F,125.0,163.0,137.0,292.5
10,F,131.0,169.0,137.0,322.0
8,F,124.0,136.5,138.0,351.5
5,F,124.0,152.0,138.0,243.5
8,F,131.0,153.0,138.0,309.0
8,F,123.0,155.0,138.0,283.5
8,F,121.0,156.0,138.0,293.5
10,F,120.0,157.0,138.0,289.0
12,F,124.0,158.0,138.0,283.5
8,F,133.0,160.0,138.0,291.5
8,F,128.0,163.0,138.0,287.0
10,F,133.5,180.5,138.0,380.0
10,F,118.0,147.0,139.0,257.5
8,F,119.0,152.0,139.0,286.0
12,F,123.0,153.0,139.0,265.5
10,F,123.0,155.0,139.0,283.0
10,F,120.0,160.0,139.0,339.0
12,F,131.0,164.0,139.5,284.0
12,F,125.0,146.0,140.0,270.5
12,F,123.0,153.0,140.0,269.5
7,F,126.0,153.0,140.0,271.0
10,F,123.0,155.0,140.0,287.0
12,F,127.0,159.0,140.0,278.0
12,F,128.0,160.0,140.0,302.5
6,F,126.0,163.0,140.0,316.0
10,F,121.0,165.0,140.0,324.0
12,F,119.0,167.0,140.0,345.5
6,F,129.0,167.0,140.0,345.0
7,F,131.0,167.0,140.0,351.0
6,F,131.0,172.0,140.0,329.0
12,F,125.0,164.5,140.5,322.0
12,F,120.0,149.0,141.0,256.5
10,F,122.0,149.0,141.0,286.0
7,F,123.0,155.0,141.0,272.5
12,F,125.0,158.0,141.0,323.5
7,F,130.0,159.0,141.0,361.5
8,F,124.0,161.0,141.0,340.0
8,F,128.0,161.0,141.0,311.5
12,F,127.0,151.0,142.0,265.0
12,F,125.0,155.0,142.0,287.5
6,F,121.0,156.0,142.0,289.0
12,F,127.0,157.0,142.0,253.5
8,F,125.0,161.0,142.0,323.0
12,F,133.0,162.0,142.0,315.5
10,F,126.0,162.5,142.0,317.5
12,F,124.0,164.0,142.0,249.0
12,F,126.0,165.0,142.0,355.5
12,F,129.0,168.0,142.0,335.5
8,F,115.0,147.0,143.0,242.0
8,F,122.0,152.0,143.0,271.0
8,F,120.0,154.0,143.0,335.5
6,F,119.0,155.0,143.0,276.0
8,F,126.0,159.0,143.0,312.5
8,F,129.0,160.0,143.0,305.0
10,F,124.0,163.0,143.0,303.0
12,F,116.0,164.0,143.0,272.5
6,F,127.0,165.0,143.0,301.0
8,F,127.0,171.0,143.0,345.0
7,F,122.0,146.0,144.0,309.0
4,F,118.0,152.0,144.0,246.5
7,F,118.0,158.0,144.0,305.0
7,F,129.0,160.0,144.0,310.0
10,F,125.0,161.0,144.0,278.0
8,F,129.0,161.0,144.0,350.0
7,F,128.0,164.0,144.0,314.0
10,F,118.0,144.0,145.0,270.5
5,F,122.0,146.0,145.0,248.5
8,F,124.0,150.0,145.0,284.0
6,F,125.0,150.0,145.0,236.0
6,F,128.0,159.0,145.0,274.0
6,F,121.0,161.0,145.0,291.0
7,F,122.0,163.0,145.0,322.0
10,F,124.0,163.0,145.0,269.0
10,F,125.0,164.5,145.0,372.5
5,F,123.0,165.0,145.0,351.0
7,F,122.0,169.0,145.0,340.0
8,F,118.0,157.0,146.0,280.0
6,F,121.0,158.5,146.0,302.5
4,F,118.0,167.0,146.0,368.0
6,F,132.0,169.0,146.0,406.0
7,F,125.0,175.0,146.0,372.0
4,F,123.0,176.0,146.0,411.5
4,F,119.0,155.0,147.0,284.0
5,F,123.0,156.0,147.0,283.5
12,F,126.0,162.0,147.0,336.5
10,F,124.0,167.5,147.0,335.5
5,F,122.0,164.0,148.0,273.5
6,F,125.0,160.0,149.0,297.0
7,F,127.5,167.0,149.0,326.0
11,F,127.0,165.0,150.0,324.0
6,F,124.0,167.0,150.0,283.0
10,F,130.0,165.0,151.0,367.0
8,F,127.0,155.0,152.0,282.5
7,F,119.0,156.0,152.0,298.5
7,F,132.0,170.5,152.0,411.5
5,F,125.0,164.0,153.0,367.5
7,F,133.0,167.0,153.0,337.0
10,F,132.0,170.0,153.0,344.0
6,F,123.0,161.0,155.0,264.0
7,F,120.0,163.0,158.0,315.0
12,F,125.0,167.0,158.0,288.0
12,F,133.5,175.0,158.0,411.5
9,F,135.0,147.0,109.0,255.5
8,F,120.0,151.0,142.0,283.0
12,F,127.0,154.0,113.0,272.0
8,F,129.0,154.0,114.0,330.0
11,F,127.0,155.0,101.0,286.0
9,F,126.0,157.0,133.0,347.5
11,F,121.0,158.0,113.0,322.0
8,F,124.0,158.0,144.0,295.5
12,F,127.0,159.0,121.0,265.5
10,F,132.0,159.0,149.0,325.0
12,F,123.0,160.0,130.0,305.0
11,F,126.0,160.0,129.0,267.0
12,F,127.0,160.0,124.0,293.0
10,F,133.0,161.0,134.0,333.0
10,F,120.0,162.0,124.0,293.0
10,F,130.0,162.0,118.0,333.5
11,F,125.0,165.0,163.0,423.0
9,F,129.0,166.0,154.0,372.5
8,F,132.0,166.0,150.0,381.5
10,F,130.0,167.0,153.0,345.5
12,F,127.0,169.0,149.0,405.0
12,F,130.0,169.0,138.0,368.5
7,F,122.0,170.0,135.0,360.5
10,F,127.0,171.0,148.0,414.0
9,F,130.0,172.0,146.0,369.0
5,F,129.0,174.0,146.0,387.0
12,F,135.0,177.0,156.0,437.5
12,F,129.0,182.0,139.0,442.0
7,F,129.0,170.0,132.0,335.5
7,F,129.0,168.0,142.0,335.5
12,F,120.0,154.0,143.0,335.5
10,F,124.0,167.5,147.0,335.5
7,F,129.0,164.0,132.0,335.0
4,F,124.0,175.0,133.0,333.0
7,F,121.0,169.0,126.0,329.5
12,F,131.0,172.0,140.0,329.0
11,F,127.5,167.0,149.0,326.0
10,F,129.0,167.0,132.0,325.0
8,F,135.0,178.0,139.0,463.0
9,F,135.0,174.0,160.0,421.0
8,F,130.0,173.0,155.0,406.0
11,F,129.0,169.0,154.0,405.5
10,F,130.0,173.0,147.0,403.5
9,F,124.0,162.0,139.0,388.0
8,F,128.0,166.0,153.0,369.0
12,F,128.0,160.0,154.0,346.0
8,F,128.0,160.0,114.0,342.5
9,F,126.0,161.0,136.0,316.0
10,F,128.0,159.0,140.0,306.5
7,F,130.0,160.0,137.0,293.5
12,F,127.0,159.0,121.0,286.5
10,F,127.0,155.0,128.0,285.0
11,F,115.0,149.0,133.0,270.5
11,F,131.0,158.0,136.0,258.5
6,M,118.0,140.0,132.0,215.0
10,M,122.0,140.0,132.0,219.5
8,M,117.0,144.0,130.0,210.0
8,M,125.0,144.0,133.0,254.0
9,M,113.0,145.0,125.0,238.0
10,M,117.0,148.0,127.0,238.5
6,M,115.0,149.0,133.0,270.5
8,M,121.0,149.0,129.0,189.0
10,M,127.0,155.0,128.0,285.0
5,M,131.0,158.0,136.0,258.5
6,M,127.0,159.0,121.0,286.5
12,M,128.0,159.0,140.0,306.5
7,M,128.0,160.0,114.0,342.5
8,M,128.0,160.0,154.0,346.0
7,M,130.0,160.0,137.0,293.5
6,M,126.0,161.0,136.0,316.0
9,M,124.0,162.0,139.0,388.0
7,M,128.0,166.0,153.0,369.0
6,M,129.0,169.0,154.0,405.5
8,M,130.0,173.0,147.0,403.5
8,M,130.0,173.0,155.0,406.0
7,M,135.0,174.0,160.0,421.0
6,M,135.0,178.0,139.0,463.0
9,M,134.0,179.0,156.0,504.0
7,M,131.0,183.0,158.0,465.0
5,M,133.0,194.0,140.0,480.5
