categoria,sexo,peso_kg,alzada_cm,perimetro_cm,largo_cm
Calves,M,39.0,67.0,80.0,
Calves,M,37.0,69.0,78.0,71.0
Calves,M,42.0,69.0,84.0,73.0
Calves,M,35.0,70.0,79.0,64.0
Calves,M,44.0,70.0,85.0,
Calves,M,39.0,73.0,78.0,
Calves,M,47.0,73.0,83.0,
Calves,F,43.0,74.0,92.0,71.0
Calves,M,48.0,74.0,89.0,76.0
Calves,F,38.0,75.0,84.0,67.0
Calves,M,41.0,75.0,85.0,76.0
Calves,M,41.0,76.0,86.0,
Calves,M,45.0,77.0,85.0,70.0
Calves,F,48.0,77.0,84.0,77.0
Calves,M,46.0,77.0,96.0,
Calves,F,42.0,78.0,84.0,72.0
Calves,M,55.0,78.0,89.0,79.0
Calves,F,54.0,78.0,89.0,
Calves,M,60.0,78.0,85.0,
Calves,M,63.0,78.0,97.0,
Calves,M,65.0,78.0,99.0,
Calves,M,37.0,78.0,87.0,
Calves,M,57.0,79.0,95.0,77.0
Calves,F,93.0,79.0,116.0,93.0
Calves,F,70.0,79.0,92.0,
Calves,F,55.0,79.0,96.0,
Calves,F,80.0,80.0,105.0,94.0
Calves,F,49.0,80.0,90.0,
Calves,F,41.0,80.0,95.0,
Calves,M,63.0,81.0,93.0,
Calves,F,65.0,82.0,97.0,82.0
Calves,F,80.0,82.0,113.0,87.0
Calves,F,76.0,82.0,102.0,
Calves,F,84.0,82.0,105.0,
Calves,F,53.0,82.0,100.0,
Calves,F,65.0,82.0,102.0,
Calves,M,57.0,82.0,98.0,
Calves,M,84.0,82.0,106.0,
Calves,M,53.0,83.0,92.0,73.0
Calves,F,51.0,83.0,99.0,
Calves,M,64.0,83.0,94.0,
Calves,F,68.0,84.0,95.0,86.0
Calves,M,80.0,84.0,104.0,86.0
Calves,F,72.0,84.0,101.0,88.0
Calves,F,88.0,84.0,103.0,
Calves,F,74.0,84.0,107.0,
Calves,F,65.0,84.0,102.0,
Calves,M,55.0,84.0,98.0,
Calves,F,85.0,85.0,103.0,89.0
Calves,M,86.0,85.0,109.0,89.0
Calves,F,88.0,85.0,110.0,97.0
Calves,M,77.0,85.0,95.0,
Posweaned ,F,90.0,85.0,111.0,93.0
Posweaned ,F,96.0,85.0,106.0,94.0
Calves,F,66.0,86.0,96.0,86.0
Calves,M,76.0,86.0,101.0,87.0
Calves,M,95.0,86.0,103.0,
Posweaned ,F,100.0,86.0,109.0,98.0
Posweaned ,F,108.0,86.0,114.0,94.0
Calves,M,64.0,87.0,98.0,58.0
Calves,F,80.0,87.0,114.0,92.0
Calves,F,69.0,87.0,103.0,
Calves,M,62.0,87.0,97.0,
Calves,M,62.0,87.0,100.0,
Calves,M,67.0,87.0,101.0,
Calves,M,79.0,87.0,104.0,
Calves,M,74.0,87.0,107.0,
Posweaned ,F,134.0,87.0,121.0,111.0
Posweaned ,M,161.0,87.0,135.0,111.0
Calves,M,110.0,88.0,117.0,95.0
Calves,F,90.0,88.0,110.0,96.0
Calves,F,78.0,88.0,102.0,
Calves,M,65.0,88.0,104.0,
Calves,M,93.0,88.0,110.0,
Calves,M,94.0,88.0,118.0,
Calves,M,58.0,88.0,101.0,
Posweaned ,F,105.0,88.0,114.5,95.0
Posweaned ,M,133.0,88.0,127.0,108.0
Posweaned ,F,171.0,88.0,113.0,110.0
Calves,M,77.0,89.0,106.0,87.0
Calves,F,87.0,89.0,111.0,89.0
Calves,M,90.0,89.0,117.0,97.0
Calves,M,88.0,89.0,109.0,98.0
Posweaned ,F,100.0,89.0,113.0,98.0
Posweaned ,F,103.0,89.0,116.0,93.0
Posweaned ,F,112.0,89.0,115.0,97.0
Posweaned ,F,119.0,89.0,116.0,100.0
Posweaned ,F,136.0,89.0,126.0,103.0
Posweaned ,M,150.0,89.0,131.0,104.0
Posweaned ,M,150.0,89.0,129.0,109.0
Posweaned ,M,161.0,89.0,136.0,105.0
Calves,M,94.0,90.0,112.0,88.0
Calves,M,103.0,90.0,116.0,97.0
Calves,F,85.0,90.0,113.0,
Calves,M,78.0,90.0,109.0,
Calves,M,99.0,90.0,109.0,
Calves,M,105.0,90.0,117.0,
Calves,M,68.0,90.0,111.0,
Posweaned ,F,103.0,90.0,117.0,103.0
Posweaned ,F,106.0,90.0,114.0,94.0
Posweaned ,F,113.0,90.0,120.0,96.0
Posweaned ,M,120.0,90.0,117.0,104.0
Posweaned ,F,124.0,90.0,120.0,96.0
Posweaned ,F,132.0,90.0,122.0,104.0
Posweaned ,F,143.0,90.0,126.0,105.0
Calves,M,55.0,91.0,102.0,
Calves,M,61.0,91.0,102.0,
Posweaned ,F,100.0,91.0,118.0,94.0
Posweaned ,F,102.0,91.0,112.0,96.0
Posweaned ,F,103.0,91.0,117.0,102.0
Posweaned ,F,106.0,91.0,113.0,93.0
Posweaned ,F,108.0,91.0,117.0,95.0
Posweaned ,F,111.0,91.0,114.0,98.0
Posweaned ,F,112.0,91.0,113.0,99.0
Posweaned ,F,112.0,91.0,113.0,108.0
Posweaned ,F,116.0,91.0,116.0,95.0
Posweaned ,F,133.0,91.0,121.0,106.0
Posweaned ,F,141.0,91.0,128.0,106.0
Calves,M,118.0,92.0,121.0,98.0
Calves,F,70.0,92.0,94.0,
Calves,M,73.0,92.0,106.0,
Calves,M,104.0,92.0,114.0,
Calves,M,77.0,92.0,104.0,
Calves,M,62.0,92.0,107.0,
Posweaned ,F ,96.0,92.0,108.5,96.0
Posweaned ,F,102.0,92.0,115.0,99.0
Posweaned ,F,102.0,92.0,122.0,100.0
Posweaned ,F,108.0,92.0,112.0,96.0
Posweaned ,F,112.0,92.0,121.0,102.0
Posweaned ,F,115.0,92.0,119.0,96.0
Posweaned ,F,121.0,92.0,120.0,98.0
Posweaned ,M,128.0,92.0,127.0,98.0
Posweaned ,F,134.0,92.0,125.0,98.0
Posweaned ,M,201.0,92.0,146.0,117.0
Calves,F,80.0,93.0,114.0,93.0
Calves,M,110.0,93.0,117.0,97.0
Calves,M,107.0,93.0,118.0,97.0
Calves,F,84.0,93.0,106.0,
Calves,M,82.0,93.0,105.0,
Posweaned ,F,102.0,93.0,119.0,102.0
Posweaned ,F,105.0,93.0,110.5,97.0
Posweaned ,F,105.0,93.0,116.0,97.0
Posweaned ,F,111.0,93.0,123.0,100.0
Posweaned ,F,121.0,93.0,119.0,101.0
Posweaned ,F,125.0,93.0,117.0,104.0
Posweaned ,M,130.0,93.0,116.0,97.0
Posweaned ,M,140.0,93.0,124.0,104.0
Calves,M,110.0,94.0,116.0,90.0
Calves,M,119.0,94.0,120.0,105.0
Calves,F,96.0,94.0,115.0,
Calves,F,70.0,94.0,99.0,
Calves,F,79.0,94.0,106.0,
Calves,M,67.0,94.0,109.0,
Calves,M,90.0,94.0,114.0,
Calves,M,112.0,94.0,117.0,
Posweaned ,F,96.0,94.0,111.0,102.0
Posweaned ,F,112.0,94.0,120.0,101.0
Posweaned ,F,120.0,94.0,123.0,107.0
Posweaned ,M,142.0,94.0,128.0,109.0
Posweaned ,F,146.0,94.0,129.0,99.0
Posweaned ,F,146.0,94.0,125.0,101.0
Posweaned ,M,150.0,94.0,132.0,107.0
Posweaned ,M,158.0,94.0,131.0,108.0
Posweaned ,M,161.0,94.0,136.0,112.0
Posweaned ,M,204.0,94.0,157.0,115.0
Calves,M,114.0,95.0,118.0,96.0
Calves,M,111.0,95.0,117.0,97.0
Calves,M,120.0,95.0,121.0,101.0
Calves,M,132.0,95.0,120.0,106.0
Calves,F,77.0,95.0,107.0,
Calves,F,92.0,95.0,111.0,
Calves,M,102.0,95.0,110.0,
Posweaned ,M,88.0,95.0,103.0,90.0
Posweaned ,F,108.0,95.0,115.0,98.0
Posweaned ,F,117.0,95.0,126.0,99.0
Posweaned ,F,123.0,95.0,120.0,102.0
Posweaned ,F,126.0,95.0,120.0,101.0
Posweaned ,F,128.0,95.0,123.0,102.0
Posweaned ,F,129.0,95.0,127.5,110.0
Posweaned ,F,131.0,95.0,120.0,102.0
Posweaned ,M,134.0,95.0,126.0,101.0
Posweaned ,M,140.0,95.0,156.0,107.0
Posweaned ,M,144.0,95.0,130.0,107.0
Posweaned ,M,148.0,95.0,132.0,103.0
Posweaned ,F,151.0,95.0,127.0,106.0
Cow,F,189.0,95.0,142.0,
Cow,F,242.0,95.0,152.0,
Calves,M,115.0,96.0,118.0,95.0
Calves,M,120.0,96.0,118.0,97.0
Calves,M,124.0,96.0,122.0,99.0
Calves,F,75.0,96.0,104.0,
Calves,M,90.0,96.0,106.0,
Calves,M,108.0,96.0,115.0,
Calves,M,146.0,96.0,124.0,
Posweaned ,F,98.0,96.0,110.0,95.0
Posweaned ,M,104.0,96.0,116.5,85.0
Posweaned ,F,116.0,96.0,122.0,100.0
Posweaned ,M,146.0,96.0,128.0,106.0
Cow,F,231.0,96.0,149.0,
Calves,M,82.0,97.0,121.0,105.0
Calves,M,110.0,97.0,119.0,
Calves,M,124.0,97.0,126.0,
Calves,M,91.0,97.0,114.0,
Posweaned ,F,100.0,97.0,111.0,106.0
Posweaned ,F,106.0,97.0,121.0,102.0
Posweaned ,F,110.0,97.0,124.0,96.0
Posweaned ,M,120.0,97.0,118.0,105.0
Posweaned ,M,128.0,97.0,129.0,105.0
Posweaned ,F,137.0,97.0,126.0,103.0
Posweaned ,F,139.0,97.0,120.0,110.0
Posweaned ,F,141.0,97.0,124.0,119.0
Posweaned ,F,151.0,97.0,142.0,106.0
Posweaned ,M,158.0,97.0,136.0,107.0
Posweaned ,F,158.0,97.0,132.0,112.0
Posweaned ,M,179.0,97.0,142.0,112.0
Posweaned ,F,196.0,97.0,146.0,110.0
Cow,F,242.0,97.0,146.0,
Cow,F,242.0,97.0,146.0,
Cow,F,247.0,97.0,150.0,
Cow,F,184.0,97.0,144.0,
Cow,F,240.0,97.0,133.0,
Cow,F,160.0,97.0,139.0,
Calves,M,79.0,98.0,105.0,85.0
Calves,F,90.0,98.0,112.0,90.0
Calves,M,130.0,98.0,123.0,102.0
Calves,F,82.0,98.0,106.0,
Calves,F,86.0,98.0,110.0,
Calves,F,98.0,98.0,111.0,
Calves,M,118.0,98.0,115.0,
Calves,M,100.0,98.0,112.0,
Calves,M,98.0,98.0,118.0,
Posweaned ,F,99.0,98.0,117.0,95.0
Posweaned ,F,110.0,98.0,117.0,101.0
Posweaned ,F,120.0,98.0,119.0,103.0
Posweaned ,F,125.0,98.0,121.0,108.0
Posweaned ,F,126.0,98.0,128.0,102.0
Posweaned ,F,129.0,98.0,127.0,104.0
Posweaned ,F,131.0,98.0,123.0,106.0
Posweaned ,M,132.0,98.0,118.0,110.0
Posweaned ,F,138.0,98.0,130.0,103.0
Posweaned ,F,144.0,98.0,123.0,111.0
Posweaned ,F,144.0,98.0,130.0,114.0
Posweaned ,F,155.0,98.0,129.0,104.0
Posweaned ,M,158.0,98.0,134.0,105.0
Posweaned ,F,158.0,98.0,128.0,115.0
Posweaned ,M,161.0,98.0,161.0,120.0
Posweaned ,M,164.0,98.0,129.0,107.2
Posweaned ,M,208.0,98.0,150.0,117.0
Cow,F,231.0,98.0,144.0,
Cow,F,169.0,98.0,136.0,
Cow,F,220.0,98.0,142.0,
Calves,M,110.0,99.0,118.0,
Posweaned ,F,103.0,99.0,112.0,98.0
Posweaned ,M,130.0,99.0,130.0,107.0
Posweaned ,F,134.0,99.0,130.0,101.0
Posweaned ,M,141.0,99.0,126.0,107.0
Posweaned ,F,141.0,99.0,125.0,109.0
Posweaned ,M,144.0,99.0,133.0,109.0
Posweaned ,F,164.0,99.0,132.0,111.0
Posweaned ,M,168.0,99.0,143.0,116.0
Posweaned ,M,190.0,99.0,141.0,112.0
Posweaned ,M,195.0,99.0,148.0,113.0
Posweaned ,M,196.0,99.0,145.0,113.0
Posweaned ,F,215.0,99.0,143.0,132.0
Cow,F,244.0,99.0,148.0,
Cow,F,202.0,99.0,147.0,
Cow,F,202.0,99.0,150.0,
Cow,F,281.0,99.0,156.0,
Calves,F,82.0,100.0,113.0,
Calves,F,55.0,100.0,124.0,
Calves,F,97.0,100.0,113.0,
Calves,F,117.0,100.0,120.0,
Calves,M,108.0,100.0,118.0,
Calves,M,120.0,100.0,131.0,
Calves,M,73.0,100.0,112.0,
Calves,M,108.0,100.0,116.0,
Posweaned ,M,105.0,100.0,112.0,91.0
Posweaned ,F,108.0,100.0,119.0,102.0
Posweaned ,F,115.0,100.0,114.0,104.0
Posweaned ,M,121.0,100.0,122.0,105.0
Posweaned ,F,122.0,100.0,121.0,103.0
Posweaned ,M,128.0,100.0,121.0,100.0
Posweaned ,F,129.0,100.0,126.0,98.0
Posweaned ,F,130.0,100.0,125.0,96.0
Posweaned ,F,132.0,100.0,128.0,95.0
Posweaned ,F,134.0,100.0,123.5,105.0
Posweaned ,M,136.0,100.0,121.0,99.0
Posweaned ,M,140.0,100.0,127.0,110.0
Posweaned ,F,147.0,100.0,123.0,108.0
Posweaned ,F,148.0,100.0,124.0,103.0
Posweaned ,M,150.0,100.0,124.0,106.0
Posweaned ,M,166.0,100.0,139.0,109.0
Posweaned ,F,174.0,100.0,132.0,112.0
Posweaned ,F,186.0,100.0,133.0,113.0
Posweaned ,M,190.0,100.0,137.0,113.0
Posweaned ,M,194.0,100.0,146.0,114.0
Posweaned ,M,214.0,100.0,159.0,120.0
Cow,F,170.0,100.0,138.0,
Cow,F,236.0,100.0,142.0,
Cow,F,230.0,100.0,144.0,
Cow,F,230.0,100.0,149.0,
Cow,F,219.0,100.0,147.0,
Cow,F,230.0,100.0,147.0,
Cow,F,218.0,100.0,150.0,
Cow,F,232.0,100.0,152.0,
Cow,F,258.0,100.0,160.0,
Cow,F,236.0,100.0,152.0,
Cow,F,148.0,100.0,137.0,
Calves,F,114.0,101.0,118.0,
Calves,M,104.0,101.0,115.0,
Calves,M,118.0,101.0,118.0,
Posweaned ,F,106.0,101.0,113.0,92.0
Posweaned ,M,134.0,101.0,127.0,105.0
Posweaned ,M,134.0,101.0,135.0,107.0
Posweaned ,F,135.0,101.0,124.0,109.0
Posweaned ,F,145.0,101.0,126.0,109.0
Posweaned ,F,155.0,101.0,131.0,110.0
Posweaned ,M,165.0,101.0,125.0,112.0
Posweaned ,F,172.0,101.0,133.0,110.0
Posweaned ,M,184.0,101.0,140.0,113.0
Posweaned ,M,189.0,101.0,150.0,111.0
Posweaned ,M,195.0,101.0,148.0,113.0
Posweaned ,F,206.0,101.0,144.0,120.1
Cow,F,178.0,101.0,137.0,
Cow,F,237.0,101.0,144.0,
Cow,F,249.0,101.0,152.0,
Calves,M,123.0,102.0,116.0,
Calves,M,92.0,102.0,109.0,
Posweaned ,F,131.0,102.0,123.0,104.0
Posweaned ,M,138.0,102.0,125.0,105.0
Posweaned ,F,154.0,102.0,131.5,108.0
Posweaned ,F,160.0,102.0,137.0,107.0
Posweaned ,F,160.0,102.0,130.0,113.0
Posweaned ,M,164.0,102.0,130.0,117.0
Posweaned ,M,166.0,102.0,138.0,109.0
Posweaned ,M,168.0,102.0,135.0,112.0
Posweaned ,M,184.0,102.0,145.0,108.0
Posweaned ,M,189.0,102.0,150.0,111.0
Posweaned ,M,223.0,102.0,153.0,117.0
Posweaned ,M,244.0,102.0,155.0,118.0
Cow,F,204.0,102.0,143.0,
Cow,F,219.0,102.0,147.0,
Cow,F,224.0,102.0,156.0,
Cow,F,282.0,102.0,161.0,
Cow,F,182.0,102.0,136.0,
Cow,F,248.0,102.0,148.0,
Cow,F,243.0,102.0,150.0,
Cow,F,260.0,102.0,152.0,
Cow,F,246.0,102.0,153.0,
Cow,F,223.0,102.0,154.0,
Cow,F,247.0,102.0,150.0,
Cow,F,177.0,102.0,134.0,
Cow,F,162.0,102.0,134.0,
Bull,M,422.0,102.0,183.0,
Posweaned ,F,130.0,103.0,136.0,97.0
Posweaned ,F,140.0,103.0,121.0,110.0
Posweaned ,M,144.0,103.0,124.0,104.0
Posweaned ,M,150.0,103.0,126.0,109.0
Posweaned ,M,174.0,103.0,126.0,98.0
Posweaned ,M,174.0,103.0,143.0,112.0
Posweaned ,M,208.0,103.0,149.0,110.0
Posweaned ,M,223.0,103.0,153.0,113.0
Cow,F,202.0,103.0,147.0,
Cow,F,204.0,103.0,149.0,
Cow,F,208.0,103.0,142.0,
Cow,F,260.0,103.0,151.0,
Cow,F,222.0,103.0,146.0,
Cow,F,248.0,103.0,154.0,
Cow,F,246.0,103.0,156.0,
Cow,F,224.0,103.0,145.0,
Cow,F,243.0,103.0,153.0,
Cow,F,295.0,103.0,159.0,
Calves,M,136.0,104.0,129.0,111.0
Posweaned ,F,117.0,104.0,125.0,103.0
Posweaned ,F,118.0,104.0,120.0,102.0
Posweaned ,F,148.0,104.0,126.0,105.0
Posweaned ,M,180.0,104.0,138.0,114.0
Posweaned ,M,185.0,104.0,139.0,111.0
Posweaned ,M,252.0,104.0,161.0,120.0
Cow,F,235.0,104.0,151.0,
Cow,F,229.0,104.0,139.0,
Cow,F,216.0,104.0,138.0,
Cow,F,232.0,104.0,147.0,
Cow,F,224.0,104.0,146.0,
Cow,F,191.0,104.0,137.0,
Cow,F,195.0,104.0,141.0,
Cow,F,234.0,104.0,150.0,
Cow,F,247.0,104.0,162.0,
Cow,F,205.0,104.0,153.0,
Cow,F,293.0,104.0,160.0,
Cow,F,292.0,104.0,164.0,
Cow,F,302.0,104.0,166.0,
Cow,F,266.0,104.0,159.0,
Cow,F,255.0,104.0,153.0,
Cow,F,253.0,104.0,155.0,
Cow,F,286.0,104.0,158.0,
Cow,F,301.0,104.0,165.0,
Cow,F,220.0,104.0,144.0,
Cow,F,195.0,104.0,147.0,
Calves,M,140.0,105.0,131.0,
Posweaned ,M,156.0,105.0,137.0,110.0
Posweaned ,F,166.0,105.0,135.0,111.0
Posweaned ,M,172.0,105.0,140.0,112.0
Posweaned ,F,176.0,105.0,139.0,109.0
Posweaned ,M,186.0,105.0,146.0,111.0
Posweaned ,M,196.0,105.0,145.0,113.0
Cow,F,229.0,105.0,140.0,
Cow,F,236.0,105.0,148.0,
Cow,F,198.0,105.0,137.0,
Cow,F,296.0,105.0,152.0,
Cow,F,252.0,105.0,143.0,
Cow,F,220.0,105.0,140.0,
Cow,F,243.0,105.0,159.0,
Cow,F,261.0,105.0,159.0,
Cow,F,193.0,105.0,139.0,
Cow,F,221.0,105.0,148.0,
Cow,F,280.0,105.0,156.0,
Cow,F,253.0,105.0,157.0,
Cow,F,254.0,105.0,138.0,
Cow,F,235.0,105.0,151.0,
Cow,F,241.0,105.0,152.0,
Cow,F,271.0,105.0,160.0,
Cow,F,298.0,105.0,162.0,
Cow,F,305.0,105.0,165.0,
Cow,F,326.0,105.0,166.0,
Cow,F,287.0,105.0,154.0,
Cow,F,293.0,105.0,170.0,
Cow,F,190.0,105.0,140.0,
Cow,F,155.0,105.0,141.0,
Cow,F,200.0,105.0,142.0,
Cow,F,238.0,105.0,145.0,
Cow,F,242.0,105.0,165.0,
Calves,M,99.0,106.0,125.0,
Posweaned ,F,108.0,106.0,117.0,101.0
Posweaned ,M,110.0,106.0,122.0,106.0
Posweaned ,F,114.0,106.0,122.0,85.0
Posweaned ,F,124.0,106.0,121.0,99.0
Posweaned ,M,126.0,106.0,123.0,97.0
Posweaned ,F,126.0,106.0,127.5,103.0
Posweaned ,F,140.0,106.0,124.0,110.0
Posweaned ,F,156.0,106.0,137.0,110.0
Posweaned ,M,162.0,106.0,145.0,112.0
Posweaned ,M,194.0,106.0,150.0,114.0
Posweaned ,M,208.0,106.0,150.0,117.0
Posweaned ,M,211.0,106.0,141.0,113.0
Posweaned ,M,220.0,106.0,150.0,121.0
Cow,F,215.0,106.0,143.0,
Cow,F,221.0,106.0,148.0,
Cow,F,245.0,106.0,151.0,
Cow,F,256.0,106.0,155.0,
Cow,F,200.0,106.0,146.0,
Cow,F,233.0,106.0,150.0,
Cow,F,227.0,106.0,154.0,
Cow,F,234.0,106.0,151.0,
Cow,F,230.0,106.0,149.0,
Cow,F,264.0,106.0,154.0,
Cow,F,279.0,106.0,153.0,
Cow,F,261.0,106.0,154.0,
Cow,F,247.0,106.0,157.0,
Cow,F,202.0,106.0,148.0,
Cow,F,290.0,106.0,163.5,
Cow,F,244.0,106.0,148.0,
Cow,F,297.0,106.0,161.0,
Cow,F,247.0,106.0,149.0,
Cow,F,234.0,106.0,149.0,
Cow,F,219.0,106.0,150.0,
Cow,F,246.0,106.0,154.0,
Cow,F,284.0,106.0,166.0,
Cow,F,295.0,106.0,160.0,
Cow,F,292.0,106.0,168.0,
Cow,F,321.0,106.0,170.0,
Cow,F,208.0,106.0,143.0,
Cow,F,180.0,106.0,145.0,
Cow,F,206.0,106.0,145.0,
Cow,F,200.0,106.0,148.0,
Cow,F,220.0,106.0,151.0,
Cow,F,220.0,106.0,151.0,
Cow,F,210.0,106.0,152.0,
Cow,F,298.0,106.5,157.0,
Posweaned ,M,112.0,107.0,122.0,88.0
Posweaned ,M,126.0,107.0,122.0,110.0
Posweaned ,M,128.0,107.0,121.0,107.0
Posweaned ,M,162.0,107.0,137.0,110.0
Posweaned ,F,165.0,107.0,148.0,111.0
Posweaned ,M,168.0,107.0,133.0,105.0
Posweaned ,M,188.0,107.0,136.0,113.0
Posweaned ,M,191.0,107.0,144.0,117.0
Posweaned ,M,222.0,107.0,150.0,117.0
Posweaned ,M,224.0,107.0,144.0,114.0
Posweaned ,M,238.0,107.0,158.0,112.0
Cow,F,217.0,107.0,148.0,
Cow,F,229.0,107.0,149.0,
Cow,F,290.0,107.0,154.0,
Cow,F,212.0,107.0,148.0,
Cow,F,219.0,107.0,148.0,
Cow,F,263.0,107.0,152.0,
Cow,F,307.0,107.0,162.0,
Cow,F,295.0,107.0,165.0,
Cow,F,250.0,107.0,152.0,
Cow,F,249.0,107.0,154.0,
Cow,F,266.0,107.0,153.0,
Cow,F,272.0,107.0,150.0,
Cow,F,206.0,107.0,149.0,
Cow,F,279.0,107.0,154.0,
Cow,F,284.0,107.0,155.0,
Cow,F,299.0,107.0,157.0,
Cow,F,218.0,107.0,143.0,
Cow,F,286.0,107.0,154.0,
Cow,F,246.0,107.0,152.0,
Cow,F,290.0,107.0,153.0,
Cow,F,294.0,107.0,156.0,
Cow,F,284.0,107.0,162.0,
Cow,F,298.0,107.0,164.0,
Cow,F,305.0,107.0,163.0,
Cow,F,287.0,107.0,163.0,
Cow,F,358.0,107.0,169.0,
Cow,F,194.0,107.0,151.0,
Cow,F,231.0,107.5,144.0,
Posweaned ,F,108.0,108.0,116.0,95.0
Posweaned ,F,124.0,108.0,122.5,97.0
Posweaned ,M,154.0,108.0,133.0,113.0
Posweaned ,M,175.0,108.0,138.0,111.0
Posweaned ,M,176.0,108.0,133.0,109.0
Posweaned ,M,178.0,108.0,139.0,112.0
Posweaned ,F,178.0,108.0,141.0,112.0
Posweaned ,M,186.0,108.0,137.0,102.0
Posweaned ,M,191.0,108.0,137.0,119.0
Posweaned ,M,207.0,108.0,139.0,127.0
Posweaned ,F,212.0,108.0,142.0,117.0
Posweaned ,M,228.0,108.0,160.0,115.0
Cow,F,179.0,108.0,134.0,
Cow,F,230.0,108.0,153.0,
Cow,F,260.0,108.0,154.0,
Cow,F,203.0,108.0,152.0,
Cow,F,233.0,108.0,149.0,
Cow,F,259.0,108.0,154.0,
Cow,F,206.0,108.0,140.0,
Cow,F,233.0,108.0,145.0,
Cow,F,260.0,108.0,157.0,
Cow,F,236.0,108.0,145.0,
Cow,F,248.0,108.0,149.0,
Cow,F,254.0,108.0,156.0,
Cow,F,235.0,108.0,149.0,
Cow,F,264.0,108.0,154.0,
Cow,F,243.0,108.0,156.0,
Cow,F,230.0,108.0,168.0,
Cow,F,223.0,108.0,161.0,
Cow,F,281.0,108.0,153.0,
Cow,F,256.0,108.0,151.0,
Cow,F,251.0,108.0,155.0,
Cow,F,275.0,108.0,160.0,
Cow,F,282.0,108.0,160.0,
Cow,F,304.0,108.0,162.0,
Cow,F,309.0,108.0,165.0,
Cow,F,306.0,108.0,167.0,
Cow,F,278.0,108.0,169.0,
Cow,F,280.0,108.0,157.0,
Cow,F,295.0,108.0,158.0,
Cow,F,237.0,108.0,160.0,
Cow,F,294.0,108.0,161.0,
Cow,F,319.0,108.0,167.0,
Cow,F,294.0,108.0,170.0,
Cow,F,338.0,108.0,167.0,
Cow,F,156.0,108.0,139.0,
Cow,F,190.0,108.0,144.0,
Cow,F,192.0,108.0,145.0,
Cow,F,174.0,108.0,148.0,
Cow,F,325.0,108.0,170.0,
Bull,M,314.0,108.0,165.0,
Bull,M,320.0,108.0,170.0,
Calves,F,92.0,109.0,109.0,95.0
Posweaned ,F,150.0,109.0,128.0,106.0
Posweaned ,F,154.0,109.0,133.0,106.0
Posweaned ,M,157.0,109.0,130.0,106.0
Posweaned ,M,191.0,109.0,144.0,117.0
Posweaned ,M,201.0,109.0,146.0,117.0
Posweaned ,M,214.0,109.0,143.0,115.0
Posweaned ,M,244.0,109.0,155.0,118.0
Cow,F,217.0,109.0,148.0,
Cow,F,215.0,109.0,152.0,
Cow,F,280.0,109.0,158.0,
Cow,F,202.0,109.0,144.0,
Cow,F,195.0,109.0,143.0,
Cow,F,221.0,109.0,147.0,
Cow,F,276.0,109.0,155.0,
Cow,F,235.0,109.0,157.0,
Cow,F,240.0,109.0,157.0,
Cow,F,230.0,109.0,151.7,
Cow,F,225.0,109.0,152.0,
Cow,F,257.0,109.0,155.0,
Cow,F,303.0,109.0,165.0,
Cow,F,251.0,109.0,153.0,
Cow,F,275.0,109.0,157.0,
Cow,F,330.0,109.0,165.0,
Cow,F,308.0,109.0,177.0,
Cow,F,244.0,109.0,158.0,
Cow,F,259.0,109.0,160.0,
Cow,F,280.0,109.0,164.0,
Cow,F,300.0,109.0,167.0,
Cow,F,354.0,109.0,170.0,
Cow,F,214.0,109.0,148.0,
Bull,M,279.0,109.0,155.0,
Posweaned ,F,110.0,110.0,119.5,92.0
Posweaned ,M,125.0,110.0,120.0,107.0
Posweaned ,M,127.0,110.0,130.0,105.0
Posweaned ,F,152.0,110.0,130.0,103.0
Posweaned ,M,166.0,110.0,133.0,113.0
Posweaned ,M,208.0,110.0,145.0,113.0
Posweaned ,M,218.0,110.0,156.0,118.0
Posweaned ,M,218.0,110.0,142.0,123.0
Posweaned ,M,220.0,110.0,147.0,112.0
Cow,F,224.0,110.0,147.0,
Cow,F,257.0,110.0,148.0,
Cow,F,232.0,110.0,151.0,
Cow,F,222.0,110.0,157.0,
Cow,F,237.0,110.0,151.0,
Cow,F,258.0,110.0,154.0,
Cow,F,310.0,110.0,140.0,
Cow,F,209.0,110.0,142.0,
Cow,F,228.0,110.0,147.0,
Cow,F,234.0,110.0,148.0,
Cow,F,234.0,110.0,153.0,
Cow,F,240.0,110.0,153.0,
Cow,F,256.0,110.0,154.0,
Cow,F,261.0,110.0,156.0,
Cow,F,275.0,110.0,162.0,
Cow,F,280.0,110.0,160.0,
Cow,F,334.0,110.0,166.0,
Cow,F,260.0,110.0,149.0,
Cow,F,238.0,110.0,155.0,
Cow,F,180.0,110.0,135.0,
Cow,F,241.0,110.0,150.0,
Cow,F,234.0,110.0,152.0,
Cow,F,286.0,110.0,152.0,
Cow,F,268.0,110.0,153.0,
Cow,F,247.0,110.0,154.0,
Cow,F,254.0,110.0,155.0,
Cow,F,289.0,110.0,161.0,
Cow,F,246.0,110.0,161.0,
Cow,F,240.0,110.0,150.0,
Cow,F,266.0,110.0,158.0,
Cow,F,298.0,110.0,160.0,
Cow,F,284.0,110.0,161.0,
Cow,F,294.0,110.0,162.0,
Cow,F,288.0,110.0,163.0,
Cow,F,311.0,110.0,168.0,
Cow,F,319.0,110.0,169.0,
Cow,F,267.0,110.0,151.0,
Cow,F,328.0,110.0,158.0,
Cow,F,321.0,110.0,165.0,
Cow,F,323.0,110.0,170.0,
Cow,F,338.0,110.0,171.0,
Cow,F,327.0,110.0,177.0,
Cow,F,272.0,110.0,160.0,
Cow,F,351.0,110.0,174.0,
Cow,F,240.0,110.0,150.0,
Cow,F,257.0,110.0,159.0,
Bull,M,316.0,110.0,169.0,
Posweaned ,F,110.0,111.0,117.0,97.0
Posweaned ,F,110.0,111.0,121.0,99.0
Posweaned ,F,112.0,111.0,117.0,103.0
Posweaned ,M,113.0,111.0,109.0,106.0
Posweaned ,F,114.0,111.0,119.0,108.0
Posweaned ,F,125.0,111.0,120.0,107.0
Posweaned ,F,125.0,111.0,122.0,107.0
Posweaned ,M,126.0,111.0,123.0,102.0
Posweaned ,M,126.0,111.0,132.0,109.0
Posweaned ,F,127.0,111.0,123.0,102.0
Posweaned ,M,148.0,111.0,130.0,105.0
Posweaned ,M,209.0,111.0,146.0,114.0
Posweaned ,F,224.0,111.0,153.0,122.5
Posweaned ,F,232.0,111.0,150.0,116.4
Posweaned ,F,241.0,111.0,156.0,110.0
Posweaned ,M,268.0,111.0,155.0,118.0
Cow,F,230.0,111.0,149.0,
Cow,F,268.0,111.0,150.0,
Cow,F,250.0,111.0,150.0,
Cow,F,235.0,111.0,152.0,
Cow,F,273.0,111.0,153.0,
Cow,F,278.0,111.0,158.0,
Cow,F,276.0,111.0,159.0,
Cow,F,238.0,111.0,150.0,
Cow,F,213.0,111.0,152.0,
Cow,F,257.0,111.0,161.0,
Cow,F,260.0,111.0,152.0,
Cow,F,310.0,111.0,160.0,
Cow,F,261.0,111.0,151.0,
Cow,F,261.0,111.0,158.0,
Cow,F,283.0,111.0,159.0,
Cow,F,329.0,111.0,163.0,
Cow,F,306.0,111.0,165.0,
Cow,F,333.0,111.0,165.0,
Cow,F,330.0,111.0,167.0,
Cow,F,296.0,111.0,162.0,
Cow,F,208.0,111.0,152.0,
Cow,F,244.0,111.5,155.0,
Cow,F,274.0,111.8,162.0,
Calves,M,120.0,112.0,123.0,
Posweaned ,M,222.0,112.0,150.0,117.0
Posweaned ,M,230.0,112.0,154.0,114.0
Cow,F,210.0,112.0,147.0,
Cow,F,272.0,112.0,154.0,
Cow,F,252.0,112.0,161.0,
Cow,F,188.0,112.0,143.0,
Cow,F,244.0,112.0,153.0,
Cow,F,205.0,112.0,155.0,
Cow,F,294.0,112.0,158.0,
Cow,F,238.0,112.0,152.0,
Cow,F,252.0,112.0,156.0,
Cow,F,264.0,112.0,162.0,
Cow,F,283.0,112.0,158.0,
Cow,F,296.0,112.0,160.0,
Cow,F,275.0,112.0,161.0,
Cow,F,296.0,112.0,165.0,
Cow,F,304.0,112.0,163.0,
Cow,F,297.0,112.0,171.0,
Cow,F,200.0,112.0,145.0,
Cow,F,252.0,112.0,153.0,
Bull,M,366.0,112.0,174.0,
Posweaned ,M,164.0,113.0,130.0,106.0
Posweaned ,F,214.0,113.0,152.0,110.0
Cow,F,211.0,113.0,148.0,
Cow,F,284.0,113.0,158.0,
Cow,F,212.0,113.0,152.0,
Cow,F,195.0,113.0,146.0,
Cow,F,231.0,113.0,148.0,
Cow,F,239.0,113.0,157.0,
Cow,F,210.0,113.0,143.0,
Cow,F,270.0,113.0,159.0,
Cow,F,266.0,113.0,159.5,
Cow,F,245.0,113.0,150.0,
Cow,F,260.0,113.0,150.0,
Cow,F,249.0,113.0,151.0,
Cow,F,266.0,113.0,157.0,
Cow,F,319.0,113.0,159.0,
Cow,F,290.0,113.0,161.0,
Cow,F,297.0,113.0,162.0,
Cow,F,320.0,113.0,164.0,
Cow,F,297.0,113.0,165.0,
Cow,F,334.0,113.0,173.0,
Cow,F,360.0,113.0,175.0,
Cow,F,218.0,113.0,143.0,
Cow,F,250.0,113.0,156.0,
Bull,M,235.0,113.0,151.0,124.0
Bull,M,390.0,113.0,174.0,
Cow,F,294.0,113.5,159.0,
Cow,F,244.0,113.5,151.0,
Posweaned ,M,204.0,114.0,142.0,115.0
Cow,F,247.0,114.0,155.0,
Cow,F,245.0,114.0,158.0,
Cow,F,238.0,114.0,146.0,
Cow,F,230.0,114.0,146.0,
Cow,F,274.0,114.0,156.0,
Cow,F,304.0,114.0,159.0,
Cow,F,243.0,114.0,164.0,
Cow,F,300.0,114.0,167.0,
Cow,F,268.0,114.0,158.0,
Cow,F,322.0,114.0,159.0,
Cow,F,322.0,114.0,158.0,
Cow,F,311.0,114.0,160.5,
Cow,F,229.0,114.0,150.0,
Cow,F,249.0,114.0,155.0,
Cow,F,324.0,114.0,155.0,
Cow,F,303.0,114.0,164.0,
Cow,F,282.0,114.0,167.5,
Cow,F,299.0,114.0,152.0,
Cow,F,346.0,114.0,167.0,
Cow,F,307.0,114.0,161.0,
Cow,F,342.0,114.0,169.0,
Cow,F,346.0,114.0,173.0,
Cow,F,311.0,114.0,170.0,
Cow,F,228.0,114.0,156.0,
Cow,F,244.0,115.0,152.0,
Cow,F,256.0,115.0,157.0,
Cow,F,308.0,115.0,160.0,
Cow,F,240.0,115.0,148.0,
Cow,F,282.0,115.0,160.5,
Cow,F,259.0,115.0,155.0,
Cow,F,287.0,115.0,161.0,
Cow,F,316.0,115.0,160.0,
Cow,F,246.0,115.0,152.0,
Cow,F,334.0,115.0,162.0,
Cow,F,284.0,115.0,165.0,
Cow,F,276.0,115.0,162.0,
Cow,F,292.0,115.0,166.0,
Cow,F,326.0,115.0,169.0,
Cow,F,347.0,115.0,175.0,
Bull,M,380.0,115.0,180.0,
Bull,M,380.0,115.0,180.0,
Bull,M,411.0,115.0,181.0,
Bull,M,455.0,115.0,180.0,
Posweaned ,M,151.0,116.0,135.0,111.0
Cow,F,237.0,116.0,156.0,
Cow,F,350.0,116.0,174.0,
Cow,F,267.0,116.0,157.0,
Cow,F,324.0,116.0,159.0,
Cow,F,343.0,116.0,163.0,
Cow,F,336.0,116.0,167.0,
Cow,F,270.0,116.0,154.0,
Cow,F,310.0,116.0,172.0,
Cow,F,312.0,116.0,166.0,
Cow,F,246.0,116.0,148.0,
Cow,F,294.0,116.0,155.0,
Cow,F,252.0,117.0,151.0,
Cow,F,342.0,117.0,163.0,
Bull,M,486.0,117.0,194.0,
Cow,F,289.0,118.0,161.0,
Cow,F,317.0,118.0,164.0,
Cow,F,307.0,118.0,166.5,
Cow,F,385.0,118.0,156.0,
Cow,F,294.0,118.0,158.0,
Cow,F,240.0,118.0,152.0,
Cow,F,361.0,118.0,172.0,
Cow,F,376.0,118.0,173.0,
Cow,F,339.0,119.0,163.0,
Cow,F,308.0,119.0,164.0,
Cow,F,347.0,119.0,171.0,
Cow,F,397.0,119.0,179.0,
Cow,F,371.0,119.0,184.0,
Cow,F,318.0,119.0,165.0,
Bull,M,442.0,119.0,180.0,
Cow,F,306.0,120.0,162.0,
Cow,F,332.0,120.0,160.0,
Cow,F,261.0,120.0,158.0,
Cow,F,415.0,120.0,174.0,
Bull,M,264.0,120.0,162.0,
Cow,F,320.0,121.0,167.0,
Bull,M,348.0,121.0,166.0,142.0
Bull,M,440.0,121.0,179.0,
Bull,M,440.0,121.0,179.0,
Posweaned ,F,249.0,122.0,159.0,129.0
Cow,F,320.0,122.0,169.0,
Cow,F,274.0,122.0,158.0,
Bull,M,552.0,122.0,191.0,
Cow,F,307.0,122.3,165.0,
Cow,F,357.0,123.0,176.0,
Bull,M,429.0,123.0,180.0,
Cow,F,346.0,123.5,175.0,
Cow,F,344.0,124.0,170.0,
Cow,F,310.0,124.0,165.5,
Bull,M,523.0,125.0,187.0,146.0
Bull,M,490.0,127.0,189.0,
Bull,M,490.0,127.0,189.0,
Bull,M,512.0,128.0,195.0,
Cow,F,350.0,129.0,171.0,
Bull,M,543.0,134.0,204.5,176.0
Bull,M,512.0,168.0,195.0,
Posweaned ,M,158.0,100.5,134.0,115.0
Posweaned ,F,128.0,101.5,126.0,99.0
Posweaned ,M,150.0,101.5,130.0,104.0
Posweaned ,M,211.0,104.5,142.0,114.0
Posweaned ,F,177.0,105.5,132.0,123.5
Posweaned ,F,190.0,105.5,138.0,115.0
Posweaned ,F,226.0,106.4,150.0,126.8
Posweaned ,F,266.0,107.5,153.5,120.0
Posweaned ,F,189.0,109.5,142.0,116.0
Posweaned ,F,235.0,110.5,155.5,119.0
Posweaned ,F,241.0,111.5,152.0,128.5
Posweaned ,M,297.0,113.5,161.0,123.5
Posweaned ,F,214.0,117.6,137.0,124.2
Posweaned ,F,224.0,120.5,149.0,133.0
Posweaned ,F,130.0,89.5,128.0,102.0
Posweaned ,F,96.0,91.5,108.0,90.0
Posweaned ,M,117.0,91.5,113.0,104.0
Posweaned ,F,120.0,93.5,120.0,101.0
Posweaned ,F,118.0,94.5,116.0,108.0
Posweaned ,F,123.0,95.5,119.0,103.0
Posweaned ,F,132.0,95.5,126.0,98.0
NewBorns,M,21.0,,66.0,
NewBorns,F,27.0,,71.0,
NewBorns,F,19.0,,65.0,
NewBorns,F,21.0,,66.0,
NewBorns,F,28.0,,74.0,
NewBorns,F,24.0,,75.0,
NewBorns,M,24.0,,70.0,
NewBorns,M,28.0,,72.0,
NewBorns,M,29.0,,74.0,
NewBorns,F,30.0,,77.0,
NewBorns,M,34.0,,77.0,
NewBorns,M,31.0,,77.0,
NewBorns,M,29.0,,72.0,
NewBorns,M,13.0,,58.0,
NewBorns,F,14.0,,55.0,
NewBorns,F,14.0,,58.0,
NewBorns,M,14.0,,55.0,
NewBorns,F,15.0,,56.0,
NewBorns,F,15.0,,56.0,
NewBorns,M,15.0,,56.0,
NewBorns,F,15.0,,56.0,
NewBorns,F,15.0,,54.0,
NewBorns,M,15.0,,60.0,
NewBorns,F,15.0,,55.0,
NewBorns,F,15.0,,56.0,
NewBorns,F,16.0,,55.0,
NewBorns,F,17.0,,59.0,
NewBorns,M,17.0,,59.0,
NewBorns,F,17.0,,59.0,
NewBorns,F,17.0,,58.0,
NewBorns,F,17.0,,62.0,
NewBorns,F,17.0,,58.0,
NewBorns,M,17.0,,56.0,
NewBorns,M,17.8,,58.0,
NewBorns,M,18.0,,59.0,
NewBorns,M,18.0,,59.0,
NewBorns,F,18.0,,61.0,
NewBorns,F,18.0,,57.0,
NewBorns,F,18.0,,59.0,
NewBorns,F,18.0,,63.0,
NewBorns,M,18.0,,57.0,
NewBorns,F,19.0,,64.0,
NewBorns,F,19.0,,66.0,
NewBorns,M,19.0,,60.0,
NewBorns,M,19.0,,60.0,
NewBorns,F,19.0,,59.0,
NewBorns,F,19.0,,58.0,
NewBorns,M,19.0,,60.0,
NewBorns,M,19.0,,62.0,
NewBorns,M,20.0,,64.0,
NewBorns,F,20.0,,65.0,
NewBorns,F,20.0,,72.0,
NewBorns,M,20.0,,64.0,
NewBorns,M,20.0,,61.0,
NewBorns,F,20.0,,61.0,
NewBorns,M,20.0,,63.0,
NewBorns,M,20.0,,59.0,
NewBorns,M,21.0,,62.0,
NewBorns,F,21.0,,65.0,
NewBorns,M,21.0,,69.0,
NewBorns,M,21.0,,67.0,
NewBorns,M,21.0,,60.0,
NewBorns,F,21.0,,61.0,
NewBorns,M,21.0,,65.0,
NewBorns,F,21.0,,62.0,
NewBorns,F,22.0,,65.0,
NewBorns,M,22.0,,61.0,
NewBorns,F,22.0,,63.0,
NewBorns,M,22.0,,61.0,
NewBorns,M,22.0,,64.0,
NewBorns,M,22.0,,64.0,
NewBorns,F,23.0,,70.0,
NewBorns,M,23.0,,77.0,
NewBorns,M,23.0,,64.0,
NewBorns,M,23.0,,64.0,
NewBorns,M,23.0,,63.0,
NewBorns,F,23.0,,67.0,
NewBorns,F,23.0,,68.0,
NewBorns,M,24.0,,70.0,
NewBorns,M,24.0,,71.0,
NewBorns,F,24.0,,64.0,
NewBorns,F,24.0,,64.0,
NewBorns,M,24.0,,65.0,
NewBorns,F,25.0,,66.0,
NewBorns,M,25.0,,63.0,
NewBorns,M,25.0,,64.0,
NewBorns,F,26.0,,67.0,
NewBorns,M,26.0,,66.0,
NewBorns,F,27.0,,72.0,
NewBorns,F,27.0,,68.0,
NewBorns,F,27.0,,68.0,
NewBorns,M,27.0,,68.0,
NewBorns,F,28.0,,70.0,
NewBorns,M,28.0,,68.0,
NewBorns,M,29.0,,76.0,
NewBorns,M,29.0,,67.0,
NewBorns,F,30.0,,72.0,
NewBorns,F,35.0,,72.0,
NewBorns,M,21.0,,68.0,
NewBorns,F,17.0,,61.0,
NewBorns,M,21.0,,64.0,
NewBorns,F,12.0,,56.0,
NewBorns,M,19.0,,65.0,
NewBorns,M,13.0,,56.0,
NewBorns,F,13.0,,58.0,
NewBorns,F,17.0,,62.0,
NewBorns,F,16.0,,62.0,
NewBorns,M,12.0,,62.0,
NewBorns,F,17.0,,63.0,
NewBorns,F,14.0,,56.0,
NewBorns,M,14.0,,55.0,
NewBorns,F,19.0,,65.0,
NewBorns,F,14.0,,55.0,
NewBorns,M,18.0,,60.0,
NewBorns,M,19.0,,65.0,
NewBorns,M,17.0,,63.0,
NewBorns,M,23.0,,68.0,
NewBorns,F,22.0,,69.0,
NewBorns,F,12.0,,53.0,
NewBorns,M,19.0,,65.0,
NewBorns,M,19.0,,61.0,
NewBorns,M,18.0,,63.0,
NewBorns,M,19.0,,65.0,
NewBorns,M,15.0,,60.0,
NewBorns,M,16.0,,58.0,
NewBorns,F,12.0,,56.0,
NewBorns,M,26.0,,68.0,
NewBorns,F,13.0,,56.0,
NewBorns,M,17.0,,62.0,
NewBorns,F,18.0,,62.0,
NewBorns,M,16.0,,63.0,
NewBorns,M,26.0,,72.0,
NewBorns,M,17.0,,61.0,
NewBorns,M,19.0,,65.0,
NewBorns,F,16.0,,58.0,
NewBorns,F,14.0,,57.0,
NewBorns,F,21.0,,60.0,
NewBorns,F,16.0,,58.0,
NewBorns,F,14.0,,57.0,
NewBorns,F,12.0,,48.0,
NewBorns,F,15.0,,60.0,
NewBorns,M,17.0,,61.0,
NewBorns,M,20.0,,62.0,
NewBorns,M,22.0,,65.0,
NewBorns,M,13.0,,57.0,
NewBorns,M,15.0,,60.0,
NewBorns,F,18.0,,61.0,
NewBorns,M,23.0,,66.0,
NewBorns,F,14.0,,56.0,
NewBorns,F,17.0,,59.0,
NewBorns,F,14.0,,58.0,
NewBorns,M,21.0,,64.0,
NewBorns,F,20.0,,60.0,
NewBorns,F,18.0,,67.0,
NewBorns,M,22.0,,68.0,
