sexo,edad,peso_kg,alzada_cm,fondo_pecho_cm,perimetro_cm,largo_cm,alzada_cadera_cm
Female,Adult,284.0,109.0,62.0,164.0,118.0,114.0
Female,Adult,316.0,111.5,62.0,167.0,117.0,114.0
Female,Young,228.5,109.0,55.0,147.0,107.0,110.0
Female,Adult,268.0,108.5,58.0,156.0,112.0,115.0
Female,Adult,270.0,112.2,61.0,157.5,115.0,113.0
Female,Adult,292.0,111.5,55.0,153.5,117.0,112.3
Female,Young,228.0,106.0,58.0,149.0,116.0,106.4
Female,Adult,281.0,110.0,64.0,159.0,113.0,116.0
Female,Young,136.0,99.0,47.0,126.0,93.0,104.0
Female,Young,127.0,99.0,51.0,125.0,92.0,97.3
Female,Young,121.0,100.0,47.0,118.0,94.0,104.0
Female,Young,129.0,98.4,42.0,125.0,93.0,100.3
Female,Young,134.0,102.0,47.0,127.0,93.0,103.0
Female,Young,219.0,115.5,57.0,147.0,115.5,112.5
Female,Young,203.0,105.0,50.0,150.0,105.0,108.0
Female,Young,173.0,103.5,52.0,133.0,108.0,103.0
Female,Adult,245.0,105.0,54.0,149.0,105.0,104.0
Female,Adult,251.0,117.0,55.0,151.0,117.0,114.0
Female,Adult,243.5,107.0,51.0,150.5,115.0,106.0
Female,Young,224.5,108.0,54.0,146.0,110.0,104.0
Female,Young,236.5,113.0,52.0,151.0,116.0,113.0
Female,Young,239.0,105.5,53.0,156.0,117.0,103.0
Female,Adult,240.0,113.0,54.0,152.0,118.0,109.3
Female,Young,201.0,106.5,54.0,143.0,105.0,104.0
Female,Young,163.0,106.5,49.0,134.0,105.0,105.0
Female,Young,165.0,103.0,45.0,140.0,99.0,103.5
Female,Young,192.0,101.0,47.0,143.0,101.0,102.0
Female,Young,186.0,109.0,54.0,145.0,104.0,108.0
Female,Adult,258.0,112.0,64.0,159.0,115.0,107.0
Female,Young,176.0,114.0,56.0,129.0,110.0,115.0
Female,Young,216.0,113.5,60.0,144.0,114.0,115.2
Female,Young,184.0,114.0,57.5,143.0,107.0,115.0
Female,Young,190.0,110.0,54.0,135.0,117.0,113.0
Female,Young,211.0,115.0,61.0,142.5,116.0,114.0
Female,Young,169.0,105.0,55.0,132.5,105.0,109.5
Female,Young,231.0,106.0,62.0,152.0,110.0,114.0
Female,Young,185.0,110.0,52.0,140.0,112.0,108.0
Female,Young,195.0,107.5,50.0,148.0,101.0,106.0
Female,Adult,273.0,115.0,66.0,160.0,122.0,113.5
Female,Adult,254.0,112.0,62.0,153.0,112.0,113.0
Female,Adult,272.0,114.0,53.0,152.0,119.0,115.0
Female,Young,168.0,113.0,55.0,134.5,110.0,111.0
Female,Young,219.5,113.0,61.0,146.0,110.0,111.0
Female,Young,191.7,112.5,51.0,138.5,113.0,108.0
Female,Adult,317.0,113.0,61.0,165.5,121.0,110.0
Female,Young,224.0,112.0,53.0,152.0,104.0,108.0
Female,Young,223.0,107.0,51.0,150.0,102.0,105.3
Female,Adult,245.0,109.8,53.0,157.5,113.0,111.0
Female,Adult,257.0,109.8,62.0,157.0,116.0,111.0
Female,Young,228.2,111.4,59.0,148.0,111.0,108.0
Female,Young,228.5,109.0,62.0,152.0,107.0,104.5
Female,Young,232.0,109.0,57.0,145.0,109.0,110.0
Female,Adult,248.3,103.0,58.0,155.0,110.0,108.5
Female,Young,183.7,117.3,56.0,143.0,112.0,117.0
Female,Adult,240.5,110.0,57.0,153.0,115.5,113.0
Female,Adult,253.0,106.0,56.0,149.0,119.0,105.1
Female,Young,198.0,108.0,45.0,139.0,113.0,106.2
Female,Young,214.7,107.0,57.0,144.5,107.0,106.0
Female,Adult,256.7,107.0,61.0,159.0,108.0,106.0
Female,Adult,244.6,114.0,58.0,148.5,107.0,116.0
Female,Adult,265.8,116.0,63.0,155.0,120.0,112.0
Female,Adult,355.8,118.0,63.0,173.0,125.0,116.0
Female,Adult,248.0,105.0,45.0,147.0,123.0,107.0
Female,Young,214.7,110.4,60.0,151.0,110.0,107.5
Female,Young,192.7,107.5,60.0,143.0,108.0,106.0
Female,Adult,243.0,111.0,63.0,157.0,117.0,109.0
Female,Young,203.4,103.5,59.0,147.0,117.0,101.5
Female,Young,180.3,112.0,60.0,140.0,109.0,109.0
Female,Young,179.8,103.5,57.0,138.0,106.0,102.0
Female,Young,190.3,108.5,57.0,142.0,115.0,103.5
Female,Adult,269.2,110.5,65.0,156.0,126.0,112.5
Female,Adult,267.3,120.0,64.0,161.0,131.0,122.0
Female,Young,163.4,114.0,53.0,132.0,107.0,116.0
Female,Young,222.4,107.0,58.0,144.0,113.0,109.0
Female,Young,171.7,106.0,58.5,141.5,105.0,101.0
Female,Adult,255.0,114.0,62.0,153.0,130.0,116.0
Female,Young,213.5,109.0,60.0,148.5,109.0,106.0
Female,Young,186.5,105.0,58.0,140.5,106.0,101.0
Female,Young,232.4,106.0,65.0,152.0,117.0,109.0
Female,Young,145.0,102.0,55.0,132.0,107.0,100.0
Female,Young,178.2,106.0,54.0,133.0,117.0,107.0
Female,Young,164.5,102.0,53.0,132.0,98.0,104.0
Female,Young,197.0,106.0,53.0,140.0,108.0,108.0
Female,Young,131.1,107.0,52.0,128.0,97.0,106.0
Female,Young,207.2,117.0,62.0,145.0,118.0,114.0
Female,Young,161.3,107.0,53.0,125.0,104.0,105.0
Female,Young,150.6,103.0,55.0,138.0,104.0,106.0
Female,Young,178.6,108.0,55.0,138.0,104.0,106.0
Female,Young,190.2,100.5,54.0,142.0,106.0,100.0
Female,Young,158.2,101.0,54.0,129.0,101.0,104.0
Female,Young,185.3,107.0,58.0,139.0,102.0,106.0
Female,Young,171.5,106.0,58.0,139.0,105.0,106.0
Female,Young,191.8,109.0,58.0,136.0,98.0,111.0
Female,Young,185.4,107.0,55.0,140.5,107.0,108.0
Female,Young,167.5,100.0,53.0,132.0,101.0,103.0
