raza,tipo,etapa,n,peso_kg,alzada_cm,fuente
Brahman (Indonesia; 2 años),cebu,adulto,57,314,122,"Body weight and measurement traits of Brahman cattle (PLAG1), 2024, PMC11799629"
Madura,cebu,adulto,,283.5,121.8,"Leptin c.73T>C en ganado Madura, 2022, PMC9047123"
Bali,cebu,adulto,,214.3,112.2,"PLAG1 en ganado Bali, 2022, PMC9047134"
Munshiganj (machos),cebu,adulto,10,418,141.8,"Munshiganj cattle, Bangladesh, 2023, PMC10686865"
Girolando 3/4 Holstein (novillas),cruce,crec,,272.95,117.51,"Predição de peso de novilhas Girolando, ResearchGate 380225056"
Holstein x cebú (novillas),cruce,crec,,318.7,125.6,"Holstein x Zebu crossbred heifers XGBoost/LightGBM, 2025, PMC12123383"
Pardo Suizo (novillas 15 meses),leche,crec,,379,130,"Valacta 1995-2012 (Weight, height and relative-reliability indicators, J Dairy Sci 2015)"
Pardo Suizo (novillas 24 meses),leche,adulto,,560,140,"Valacta 1995-2012 (J Dairy Sci 2015)"
Holstein (vacas),leche,adulto,12,650,147.9,"Locomotion and feeding behavior of lame dairy cows, 2016, PMC4871330"
Holstein (toros),leche,adulto,,616.7,149.7,"Chinese Holstein bulls, 2024, PMC10843862"
Holstein (novillas 15 meses),leche,crec,,404,138.6,"Holstein rearing heifers birth to 15 months, 2021, PMC8300225"
Angus (toros de engorde),euro,adulto,96,614.9,143.1,"Aberdeen Angus 3D body model, 2022, PMC9405194"
Sussex (machos 12-15 meses),euro,crec,,438.5,129.9,"Sussex cattle, South Africa, 2023, PMC10522019"
Japanese Black (novillos),euro,ternero,675,280.9,115.1,"Japanese Black calves and carcass weight, 2023, PMC9913633"
Kalmyk (novillas 18 meses),euro,crec,200,334.3,120.8,"Kalmyk breed heifers, 2025, PMC12841172"
Criollo altoandino (vacas BIII),cebu,adulto,,359.4,122.1,"High-Andean Creole cows, Peru, 2025, PMC12390703"
