id,peso_kg,alzada_cm,ancho_abdomen_cm,largo_cm
101,270.0,121.9,50.5,87.6
103,256.0,119.2,55.4,78.2
104,252.0,122.7,60.7,86.7
112,233.0,122.4,54.9,77.9
114,224.0,115.2,58.8,91.1
116,228.0,115.7,56.6,60.7
117,225.0,118.4,54.9,92.8
119,217.0,115.6,52.4,92.5
122,216.0,118.6,51.4,77.5
131,266.0,120.3,63.6,74.5
132,202.0,114.7,50.4,79.1
133,244.0,120.6,45.7,88.2
201,237.0,116.3,58.6,98.7
207,240.0,116.1,55.3,86.6
208,228.0,115.2,51.7,70.9
212,222.0,117.6,48.8,87.3
215,223.0,116.5,54.6,77.8
216,225.0,120.5,52.0,74.1
219,216.0,118.0,47.6,73.8
220,209.0,114.3,53.1,73.2
221,219.0,116.8,48.7,91.4
222,213.0,115.9,51.2,100.5
223,207.0,116.9,57.6,73.2
228,190.0,115.3,52.0,80.9
229,206.0,110.0,48.1,90.0
230,188.0,116.6,47.2,74.4
233,211.0,108.7,49.5,79.0
301,243.0,119.2,51.8,63.4
302,269.0,123.6,55.0,78.9
303,247.0,120.5,59.0,68.6
304,239.0,118.2,56.1,76.4
306,229.0,121.8,56.3,88.3
307,221.0,117.3,54.5,83.5
308,219.0,113.4,55.4,85.0
311,206.0,118.4,52.2,67.9
312,209.0,112.6,53.6,74.0
314,214.0,120.4,55.2,87.7
315,215.0,112.3,61.0,87.7
316,195.0,115.6,58.5,71.6
318,213.0,114.4,56.6,80.6
319,264.0,117.0,59.2,73.2
320,251.0,121.5,57.7,96.5
323,228.0,115.9,54.2,65.5
324,202.0,116.6,52.0,76.5
325,193.0,118.7,49.7,87.5
